rank,round_id,period,version,route_plan_fingerprint,routing_policy,duration_ns,duration_s,bytes_sent,bytes_received,frame_count,checksum_errors,version_errors,redo_count,step_durations_ns,send_routes,receive_routes,send_steps_by_fabric,receive_steps_by_fabric,bytes_sent_by_fabric,bytes_received_by_fabric
0,0,warmup,0,6b25bbb30fb02f988d2e6e22ba2dc06d94a582024c487c8e3e27c9bb1843c83e,balanced_active_active,1087852797,1.087852797,12582912,12582912,6,0,0,0,"[182693267,184086694,178748998,180452926,179110503,182338375]","[""A"",""B"",""A"",""B"",""A"",""B""]","[""B"",""A"",""B"",""A"",""B"",""A""]","{""A"":3,""B"":3}","{""A"":3,""B"":3}","{""A"":6291456,""B"":6291456}","{""A"":6291456,""B"":6291456}"
1,0,warmup,0,6b25bbb30fb02f988d2e6e22ba2dc06d94a582024c487c8e3e27c9bb1843c83e,balanced_active_active,1084835489,1.084835489,12582912,12582912,6,0,0,0,"[181305116,182608960,182350735,179081672,180121320,178876790]","[""B"",""A"",""B"",""A"",""B"",""A""]","[""A"",""B"",""A"",""B"",""A"",""B""]","{""A"":3,""B"":3}","{""A"":3,""B"":3}","{""A"":6291456,""B"":6291456}","{""A"":6291456,""B"":6291456}"
2,0,warmup,0,6b25bbb30fb02f988d2e6e22ba2dc06d94a582024c487c8e3e27c9bb1843c83e,balanced_active_active,1086014758,1.086014758,12582912,12582912,6,0,0,0,"[182699726,181759726,179472569,182744511,178891070,179977238]","[""A"",""B"",""A"",""B"",""A"",""B""]","[""B"",""A"",""B"",""A"",""B"",""A""]","{""A"":3,""B"":3}","{""A"":3,""B"":3}","{""A"":6291456,""B"":6291456}","{""A"":6291456,""B"":6291456}"
3,0,warmup,0,6b25bbb30fb02f988d2e6e22ba2dc06d94a582024c487c8e3e27c9bb1843c83e,balanced_active_active,1086678218,1.086678218,12582912,12582912,6,0,0,0,"[183343338,181877546,179842995,179768384,182499567,178910090]","[""B"",""A"",""B"",""A"",""B"",""A""]","[""A"",""B"",""A"",""B"",""A"",""B""]","{""A"":3,""B"":3}","{""A"":3,""B"":3}","{""A"":6291456,""B"":6291456}","{""A"":6291456,""B"":6291456}"
0,1,baseline,0,6b25bbb30fb02f988d2e6e22ba2dc06d94a582024c487c8e3e27c9bb1843c83e,balanced_active_active,1082456348,1.082456348,12582912,12582912,6,0,0,0,"[179996342,180929188,179155079,180342388,180615542,180976030]","[""A"",""B"",""A"",""B"",""A"",""B""]","[""B"",""A"",""B"",""A"",""B"",""A""]","{""A"":3,""B"":3}","{""A"":3,""B"":3}","{""A"":6291456,""B"":6291456}","{""A"":6291456,""B"":6291456}"
1,1,baseline,0,6b25bbb30fb02f988d2e6e22ba2dc06d94a582024c487c8e3e27c9bb1843c83e,balanced_active_active,1081382510,1.08138251,12582912,12582912,6,0,0,0,"[179659797,180132835,181216123,179741489,179510045,180707235]","[""B"",""A"",""B"",""A"",""B"",""A""]","[""A"",""B"",""A"",""B"",""A"",""B""]","{""A"":3,""B"":3}","{""A"":3,""B"":3}","{""A"":6291456,""B"":6291456}","{""A"":6291456,""B"":6291456}"
2,1,baseline,0,6b25bbb30fb02f988d2e6e22ba2dc06d94a582024c487c8e3e27c9bb1843c83e,balanced_active_active,1080735640,1.08073564,12582912,12582912,6,0,0,0,"[178429067,181248323,180433980,180764195,179771610,179611568]","[""A"",""B"",""A"",""B"",""A"",""B""]","[""B"",""A"",""B"",""A"",""B"",""A""]","{""A"":3,""B"":3}","{""A"":3,""B"":3}","{""A"":6291456,""B"":6291456}","{""A"":6291456,""B"":6291456}"
3,1,baseline,0,6b25bbb30fb02f988d2e6e22ba2dc06d94a582024c487c8e3e27c9bb1843c83e,balanced_active_active,1081328390,1.08132839,12582912,12582912,6,0,0,0,"[180779404,179119459,180175846,180517931,180621834,179687390]","[""B"",""A"",""B"",""A"",""B"",""A""]","[""A"",""B"",""A"",""B"",""A"",""B""]","{""A"":3,""B"":3}","{""A"":3,""B"":3}","{""A"":6291456,""B"":6291456}","{""A"":6291456,""B"":6291456}"
0,2,baseline,0,6b25bbb30fb02f988d2e6e22ba2dc06d94a582024c487c8e3e27c9bb1843c83e,balanced_active_active,1078511350,1.07851135,12582912,12582912,6,0,0,0,"[180243683,180353724,187860414,172774122,180155181,176706868]","[""A"",""B"",""A"",""B"",""A"",""B""]","[""B"",""A"",""B"",""A"",""B"",""A""]","{""A"":3,""B"":3}","{""A"":3,""B"":3}","{""A"":6291456,""B"":6291456}","{""A"":6291456,""B"":6291456}"
1,2,baseline,0,6b25bbb30fb02f988d2e6e22ba2dc06d94a582024c487c8e3e27c9bb1843c83e,balanced_active_active,1082325662,1.082325662,12582912,12582912,6,0,0,0,"[180061509,180330624,178687827,189428201,172656291,180753954]","[""B"",""A"",""B"",""A"",""B"",""A""]","[""A"",""B"",""A"",""B"",""A"",""B""]","{""A"":3,""B"":3}","{""A"":3,""B"":3}","{""A"":6291456,""B"":6291456}","{""A"":6291456,""B"":6291456}"
2,2,baseline,0,6b25bbb30fb02f988d2e6e22ba2dc06d94a582024c487c8e3e27c9bb1843c83e,balanced_active_active,1082108159,1.082108159,12582912,12582912,6,0,0,0,"[187899476,172203942,180692970,176649624,191030736,173189862]","[""A"",""B"",""A"",""B"",""A"",""B""]","[""B"",""A"",""B"",""A"",""B"",""A""]","{""A"":3,""B"":3}","{""A"":3,""B"":3}","{""A"":6291456,""B"":6291456}","{""A"":6291456,""B"":6291456}"
3,2,baseline,0,6b25bbb30fb02f988d2e6e22ba2dc06d94a582024c487c8e3e27c9bb1843c83e,balanced_active_active,1089017169,1.089017169,12582912,12582912,6,0,0,0,"[180220362,187945106,172391356,180421476,176823097,190816316]","[""B"",""A"",""B"",""A"",""B"",""A""]","[""A"",""B"",""A"",""B"",""A"",""B""]","{""A"":3,""B"":3}","{""A"":3,""B"":3}","{""A"":6291456,""B"":6291456}","{""A"":6291456,""B"":6291456}"
0,3,post_fault,0,6b25bbb30fb02f988d2e6e22ba2dc06d94a582024c487c8e3e27c9bb1843c83e,balanced_active_active,1090349017,1.090349017,12582912,12582912,6,0,0,0,"[180649264,185458232,174936782,184742911,175026465,189093086]","[""A"",""B"",""A"",""B"",""A"",""B""]","[""B"",""A"",""B"",""A"",""B"",""A""]","{""A"":3,""B"":3}","{""A"":3,""B"":3}","{""A"":6291456,""B"":6291456}","{""A"":6291456,""B"":6291456}"
1,3,post_fault,0,6b25bbb30fb02f988d2e6e22ba2dc06d94a582024c487c8e3e27c9bb1843c83e,balanced_active_active,1081631257,1.081631257,12582912,12582912,6,0,0,0,"[180356720,179845572,185449902,175472901,184756162,175309183]","[""B"",""A"",""B"",""A"",""B"",""A""]","[""A"",""B"",""A"",""B"",""A"",""B""]","{""A"":3,""B"":3}","{""A"":3,""B"":3}","{""A"":6291456,""B"":6291456}","{""A"":6291456,""B"":6291456}"
2,3,post_fault,0,6b25bbb30fb02f988d2e6e22ba2dc06d94a582024c487c8e3e27c9bb1843c83e,balanced_active_active,1086387983,1.086387983,12582912,12582912,6,0,0,0,"[180374451,179976764,179928353,185266048,175716607,184683615]","[""A"",""B"",""A"",""B"",""A"",""B""]","[""B"",""A"",""B"",""A"",""B"",""A""]","{""A"":3,""B"":3}","{""A"":3,""B"":3}","{""A"":6291456,""B"":6291456}","{""A"":6291456,""B"":6291456}"
3,3,post_fault,0,6b25bbb30fb02f988d2e6e22ba2dc06d94a582024c487c8e3e27c9bb1843c83e,balanced_active_active,1082116174,1.082116174,12582912,12582912,6,0,0,0,"[186066811,174828661,184683029,175177287,189626691,171334519]","[""B"",""A"",""B"",""A"",""B"",""A""]","[""A"",""B"",""A"",""B"",""A"",""B""]","{""A"":3,""B"":3}","{""A"":3,""B"":3}","{""A"":6291456,""B"":6291456}","{""A"":6291456,""B"":6291456}"
0,4,post_fault,0,6b25bbb30fb02f988d2e6e22ba2dc06d94a582024c487c8e3e27c9bb1843c83e,balanced_active_active,1090595745,1.090595745,12582912,12582912,6,0,0,0,"[180002649,185340835,175153241,184891918,182863331,181851054]","[""A"",""B"",""A"",""B"",""A"",""B""]","[""B"",""A"",""B"",""A"",""B"",""A""]","{""A"":3,""B"":3}","{""A"":3,""B"":3}","{""A"":6291456,""B"":6291456}","{""A"":6291456,""B"":6291456}"
1,4,post_fault,0,6b25bbb30fb02f988d2e6e22ba2dc06d94a582024c487c8e3e27c9bb1843c83e,balanced_active_active,1088745836,1.088745836,12582912,12582912,6,0,0,0,"[180081910,180167362,185737853,174797516,184458965,183060594]","[""B"",""A"",""B"",""A"",""B"",""A""]","[""A"",""B"",""A"",""B"",""A"",""B""]","{""A"":3,""B"":3}","{""A"":3,""B"":3}","{""A"":6291456,""B"":6291456}","{""A"":6291456,""B"":6291456}"
2,4,post_fault,0,6b25bbb30fb02f988d2e6e22ba2dc06d94a582024c487c8e3e27c9bb1843c83e,balanced_active_active,1086403638,1.086403638,12582912,12582912,6,0,0,0,"[180146362,180209113,187710773,178317672,174694308,184906405]","[""A"",""B"",""A"",""B"",""A"",""B""]","[""B"",""A"",""B"",""A"",""B"",""A""]","{""A"":3,""B"":3}","{""A"":3,""B"":3}","{""A"":6291456,""B"":6291456}","{""A"":6291456,""B"":6291456}"
3,4,post_fault,0,6b25bbb30fb02f988d2e6e22ba2dc06d94a582024c487c8e3e27c9bb1843c83e,balanced_active_active,1083180397,1.083180397,12582912,12582912,6,0,0,0,"[184752196,175753021,184582543,183096839,181705871,172882489]","[""B"",""A"",""B"",""A"",""B"",""A""]","[""A"",""B"",""A"",""B"",""A"",""B""]","{""A"":3,""B"":3}","{""A"":3,""B"":3}","{""A"":6291456,""B"":6291456}","{""A"":6291456,""B"":6291456}"
0,5,post_fault,0,6b25bbb30fb02f988d2e6e22ba2dc06d94a582024c487c8e3e27c9bb1843c83e,balanced_active_active,1093153124,1.093153124,12582912,12582912,6,0,0,0,"[180494662,183340589,176771412,185781960,175384345,190947867]","[""A"",""B"",""A"",""B"",""A"",""B""]","[""B"",""A"",""B"",""A"",""B"",""A""]","{""A"":3,""B"":3}","{""A"":3,""B"":3}","{""A"":6291456,""B"":6291456}","{""A"":6291456,""B"":6291456}"
1,5,post_fault,0,6b25bbb30fb02f988d2e6e22ba2dc06d94a582024c487c8e3e27c9bb1843c83e,balanced_active_active,1082482878,1.082482878,12582912,12582912,6,0,0,0,"[180459082,180289839,183297088,176897345,185618060,175494247]","[""B"",""A"",""B"",""A"",""B"",""A""]","[""A"",""B"",""A"",""B"",""A"",""B""]","{""A"":3,""B"":3}","{""A"":3,""B"":3}","{""A"":6291456,""B"":6291456}","{""A"":6291456,""B"":6291456}"
2,5,post_fault,0,6b25bbb30fb02f988d2e6e22ba2dc06d94a582024c487c8e3e27c9bb1843c83e,balanced_active_active,1087223536,1.087223536,12582912,12582912,6,0,0,0,"[180112667,181126841,180082375,183166626,176525983,185787733]","[""A"",""B"",""A"",""B"",""A"",""B""]","[""B"",""A"",""B"",""A"",""B"",""A""]","{""A"":3,""B"":3}","{""A"":3,""B"":3}","{""A"":6291456,""B"":6291456}","{""A"":6291456,""B"":6291456}"
3,5,post_fault,0,6b25bbb30fb02f988d2e6e22ba2dc06d94a582024c487c8e3e27c9bb1843c83e,balanced_active_active,1083048269,1.083048269,12582912,12582912,6,0,0,0,"[183907147,176009809,186232056,175406702,190618221,170470215]","[""B"",""A"",""B"",""A"",""B"",""A""]","[""A"",""B"",""A"",""B"",""A"",""B""]","{""A"":3,""B"":3}","{""A"":3,""B"":3}","{""A"":6291456,""B"":6291456}","{""A"":6291456,""B"":6291456}"
0,6,post_fault,0,6b25bbb30fb02f988d2e6e22ba2dc06d94a582024c487c8e3e27c9bb1843c83e,balanced_active_active,1091746423,1.091746423,12582912,12582912,6,0,0,0,"[180256134,185519850,175641039,183190015,176936555,189812885]","[""A"",""B"",""A"",""B"",""A"",""B""]","[""B"",""A"",""B"",""A"",""B"",""A""]","{""A"":3,""B"":3}","{""A"":3,""B"":3}","{""A"":6291456,""B"":6291456}","{""A"":6291456,""B"":6291456}"
1,6,post_fault,0,6b25bbb30fb02f988d2e6e22ba2dc06d94a582024c487c8e3e27c9bb1843c83e,balanced_active_active,1082062156,1.082062156,12582912,12582912,6,0,0,0,"[180246384,180226544,185233245,176008869,183186376,176687032]","[""B"",""A"",""B"",""A"",""B"",""A""]","[""A"",""B"",""A"",""B"",""A"",""B""]","{""A"":3,""B"":3}","{""A"":3,""B"":3}","{""A"":6291456,""B"":6291456}","{""A"":6291456,""B"":6291456}"
2,6,post_fault,0,6b25bbb30fb02f988d2e6e22ba2dc06d94a582024c487c8e3e27c9bb1843c83e,balanced_active_active,1085830848,1.085830848,12582912,12582912,6,0,0,0,"[180415266,180074442,180362067,185487244,175674436,183362960]","[""A"",""B"",""A"",""B"",""A"",""B""]","[""B"",""A"",""B"",""A"",""B"",""A""]","{""A"":3,""B"":3}","{""A"":3,""B"":3}","{""A"":6291456,""B"":6291456}","{""A"":6291456,""B"":6291456}"
3,6,post_fault,0,6b25bbb30fb02f988d2e6e22ba2dc06d94a582024c487c8e3e27c9bb1843c83e,balanced_active_active,1082908150,1.08290815,12582912,12582912,6,0,0,0,"[185765843,175030639,183793481,176380726,190216911,171327283]","[""B"",""A"",""B"",""A"",""B"",""A""]","[""A"",""B"",""A"",""B"",""A"",""B""]","{""A"":3,""B"":3}","{""A"":3,""B"":3}","{""A"":6291456,""B"":6291456}","{""A"":6291456,""B"":6291456}"
0,7,post_fault,0,6b25bbb30fb02f988d2e6e22ba2dc06d94a582024c487c8e3e27c9bb1843c83e,balanced_active_active,1092126473,1.092126473,12582912,12582912,6,0,0,0,"[180399971,184639929,175413342,184065175,176834908,190285058]","[""A"",""B"",""A"",""B"",""A"",""B""]","[""B"",""A"",""B"",""A"",""B"",""A""]","{""A"":3,""B"":3}","{""A"":3,""B"":3}","{""A"":6291456,""B"":6291456}","{""A"":6291456,""B"":6291456}"
1,7,post_fault,0,6b25bbb30fb02f988d2e6e22ba2dc06d94a582024c487c8e3e27c9bb1843c83e,balanced_active_active,1082180052,1.082180052,12582912,12582912,6,0,0,0,"[180400900,180330820,184448770,175876182,184432602,176180438]","[""B"",""A"",""B"",""A"",""B"",""A""]","[""A"",""B"",""A"",""B"",""A"",""B""]","{""A"":3,""B"":3}","{""A"":3,""B"":3}","{""A"":6291456,""B"":6291456}","{""A"":6291456,""B"":6291456}"
2,7,post_fault,0,6b25bbb30fb02f988d2e6e22ba2dc06d94a582024c487c8e3e27c9bb1843c83e,balanced_active_active,1086061406,1.086061406,12582912,12582912,6,0,0,0,"[180495453,180167438,180188989,184639756,176183639,183941755]","[""A"",""B"",""A"",""B"",""A"",""B""]","[""B"",""A"",""B"",""A"",""B"",""A""]","{""A"":3,""B"":3}","{""A"":3,""B"":3}","{""A"":6291456,""B"":6291456}","{""A"":6291456,""B"":6291456}"
3,7,post_fault,0,6b25bbb30fb02f988d2e6e22ba2dc06d94a582024c487c8e3e27c9bb1843c83e,balanced_active_active,1085026579,1.085026579,12582912,12582912,6,0,0,0,"[184373846,176165233,184176775,176597405,190477380,172814073]","[""B"",""A"",""B"",""A"",""B"",""A""]","[""A"",""B"",""A"",""B"",""A"",""B""]","{""A"":3,""B"":3}","{""A"":3,""B"":3}","{""A"":6291456,""B"":6291456}","{""A"":6291456,""B"":6291456}"
0,8,post_fault,0,6b25bbb30fb02f988d2e6e22ba2dc06d94a582024c487c8e3e27c9bb1843c83e,balanced_active_active,1093101905,1.093101905,12582912,12582912,6,0,0,0,"[180545770,183283483,176815443,186040263,174784580,191157929]","[""A"",""B"",""A"",""B"",""A"",""B""]","[""B"",""A"",""B"",""A"",""B"",""A""]","{""A"":3,""B"":3}","{""A"":3,""B"":3}","{""A"":6291456,""B"":6291456}","{""A"":6291456,""B"":6291456}"
1,8,post_fault,0,6b25bbb30fb02f988d2e6e22ba2dc06d94a582024c487c8e3e27c9bb1843c83e,balanced_active_active,1082184316,1.082184316,12582912,12582912,6,0,0,0,"[180470228,180328695,183099795,177171550,186252987,174413454]","[""B"",""A"",""B"",""A"",""B"",""A""]","[""A"",""B"",""A"",""B"",""A"",""B""]","{""A"":3,""B"":3}","{""A"":3,""B"":3}","{""A"":6291456,""B"":6291456}","{""A"":6291456,""B"":6291456}"
2,8,post_fault,0,6b25bbb30fb02f988d2e6e22ba2dc06d94a582024c487c8e3e27c9bb1843c83e,balanced_active_active,1088372847,1.088372847,12582912,12582912,6,0,0,0,"[180607608,179835138,180294189,183296379,177417204,186480751]","[""A"",""B"",""A"",""B"",""A"",""B""]","[""B"",""A"",""B"",""A"",""B"",""A""]","{""A"":3,""B"":3}","{""A"":3,""B"":3}","{""A"":6291456,""B"":6291456}","{""A"":6291456,""B"":6291456}"
3,8,post_fault,0,6b25bbb30fb02f988d2e6e22ba2dc06d94a582024c487c8e3e27c9bb1843c83e,balanced_active_active,1085324127,1.085324127,12582912,12582912,6,0,0,0,"[183676560,176764517,185790619,174762719,191191358,172727477]","[""B"",""A"",""B"",""A"",""B"",""A""]","[""A"",""B"",""A"",""B"",""A"",""B""]","{""A"":3,""B"":3}","{""A"":3,""B"":3}","{""A"":6291456,""B"":6291456}","{""A"":6291456,""B"":6291456}"
0,9,post_fault,0,6b25bbb30fb02f988d2e6e22ba2dc06d94a582024c487c8e3e27c9bb1843c83e,balanced_active_active,1545024947,1.545024947,12582912,12582912,6,0,0,0,"[341522131,219611308,303224614,140327612,221953616,317915342]","[""A"",""B"",""A"",""B"",""A"",""B""]","[""B"",""A"",""B"",""A"",""B"",""A""]","{""A"":3,""B"":3}","{""A"":3,""B"":3}","{""A"":6291456,""B"":6291456}","{""A"":6291456,""B"":6291456}"
1,9,post_fault,0,6b25bbb30fb02f988d2e6e22ba2dc06d94a582024c487c8e3e27c9bb1843c83e,balanced_active_active,1407390696,1.407390696,12582912,12582912,6,0,0,0,"[180051456,504669071,138089767,222549415,140098958,221465941]","[""B"",""A"",""B"",""A"",""B"",""A""]","[""A"",""B"",""A"",""B"",""A"",""B""]","{""A"":3,""B"":3}","{""A"":3,""B"":3}","{""A"":6291456,""B"":6291456}","{""A"":6291456,""B"":6291456}"
2,9,post_fault,0,6b25bbb30fb02f988d2e6e22ba2dc06d94a582024c487c8e3e27c9bb1843c83e,balanced_active_active,1428548351,1.428548351,12582912,12582912,6,0,0,0,"[341766765,220880838,303669551,314447067,135701968,111614307]","[""A"",""B"",""A"",""B"",""A"",""B""]","[""B"",""A"",""B"",""A"",""B"",""A""]","{""A"":3,""B"":3}","{""A"":3,""B"":3}","{""A"":6291456,""B"":6291456}","{""A"":6291456,""B"":6291456}"
3,9,post_fault,0,6b25bbb30fb02f988d2e6e22ba2dc06d94a582024c487c8e3e27c9bb1843c83e,balanced_active_active,1519164664,1.519164664,12582912,12582912,6,0,0,0,"[240105706,443937981,140343272,221920365,318051078,154353336]","[""B"",""A"",""B"",""A"",""B"",""A""]","[""A"",""B"",""A"",""B"",""A"",""B""]","{""A"":3,""B"":3}","{""A"":3,""B"":3}","{""A"":6291456,""B"":6291456}","{""A"":6291456,""B"":6291456}"
0,10,post_fault,0,6b25bbb30fb02f988d2e6e22ba2dc06d94a582024c487c8e3e27c9bb1843c83e,balanced_active_active,1086772163,1.086772163,12582912,12582912,6,0,0,0,"[180362291,183169397,177086588,187093462,173322651,185260868]","[""A"",""B"",""A"",""B"",""A"",""B""]","[""B"",""A"",""B"",""A"",""B"",""A""]","{""A"":3,""B"":3}","{""A"":3,""B"":3}","{""A"":6291456,""B"":6291456}","{""A"":6291456,""B"":6291456}"
1,10,post_fault,0,6b25bbb30fb02f988d2e6e22ba2dc06d94a582024c487c8e3e27c9bb1843c83e,balanced_active_active,1082344651,1.082344651,12582912,12582912,6,0,0,0,"[180197948,180107676,183271319,176297826,187684666,174303117]","[""B"",""A"",""B"",""A"",""B"",""A""]","[""A"",""B"",""A"",""B"",""A"",""B""]","{""A"":3,""B"":3}","{""A"":3,""B"":3}","{""A"":6291456,""B"":6291456}","{""A"":6291456,""B"":6291456}"
2,10,post_fault,0,6b25bbb30fb02f988d2e6e22ba2dc06d94a582024c487c8e3e27c9bb1843c83e,balanced_active_active,1088752956,1.088752956,12582912,12582912,6,0,0,0,"[180295140,180342612,179681159,183457112,176194068,188356937]","[""A"",""B"",""A"",""B"",""A"",""B""]","[""B"",""A"",""B"",""A"",""B"",""A""]","{""A"":3,""B"":3}","{""A"":3,""B"":3}","{""A"":6291456,""B"":6291456}","{""A"":6291456,""B"":6291456}"
3,10,post_fault,0,6b25bbb30fb02f988d2e6e22ba2dc06d94a582024c487c8e3e27c9bb1843c83e,balanced_active_active,1080938787,1.080938787,12582912,12582912,6,0,0,0,"[183203897,177410443,186918708,172909930,185674672,174324307]","[""B"",""A"",""B"",""A"",""B"",""A""]","[""A"",""B"",""A"",""B"",""A"",""B""]","{""A"":3,""B"":3}","{""A"":3,""B"":3}","{""A"":6291456,""B"":6291456}","{""A"":6291456,""B"":6291456}"
