poll_iteration,poll_start_ns,poll_end_ns,poll_interval_ns,interface,operstate,t_ns,kind,bytes,packets,drops,overlimits,requeues,backlog_bytes,qlen,rx_bytes,rx_packets,rx_dropped,tx_bytes,tx_packets,tx_dropped
0,908980450588,908983590577,0,sA-eth3,up,908982893905,netem,474,7,0,0,0,0,0,480,6,0,830,11,0
1,909000558895,909002528882,20108307,sA-eth3,up,909002329828,netem,560,8,0,0,0,0,0,480,6,0,916,12,0
2,909020536119,909022426205,19977224,sA-eth3,up,909022242011,netem,560,8,0,0,0,0,0,480,6,0,916,12,0
3,909040531613,909042820336,19995494,sA-eth3,up,909042632203,netem,754,11,0,0,0,0,0,628,8,0,1110,15,0
4,909060536368,909062795341,20004755,sA-eth3,up,909062621998,netem,754,11,0,0,0,0,0,628,8,0,1110,15,0
5,909080525832,909082544981,19989464,sA-eth3,up,909082379528,netem,938,13,0,0,0,0,0,768,10,0,1294,17,0
6,909100536878,909102676898,20011046,sA-eth3,up,909102436194,netem,938,13,0,0,0,0,0,768,10,0,1294,17,0
7,909120540403,909122467708,20003525,sA-eth3,up,909122287315,netem,1862,27,0,0,0,66,1,298886,29,0,2218,31,0
8,909140534157,909142363441,19993754,sA-eth3,up,909142188818,netem,2390,35,0,0,0,0,0,589014,37,0,2746,39,0
9,909160541632,909162447549,20007475,sA-eth3,up,909162265734,netem,2786,41,0,0,0,66,1,748756,44,0,3208,46,0
10,909180542317,909182545975,20000685,sA-eth3,up,909182358181,netem,3974,59,0,0,0,0,0,952532,60,0,4330,63,0
11,909200539782,909202634281,19997465,sA-eth3,up,909202453578,netem,5334,79,0,0,0,0,0,1199946,79,0,5690,83,0
12,909220531046,909222607105,19991264,sA-eth3,up,909222411412,netem,6522,97,0,0,0,66,1,1437158,97,0,6944,102,0
13,909240536221,909242641611,20005175,sA-eth3,up,909242453658,netem,7710,115,0,0,0,66,1,1672922,115,0,8132,120,0
14,909260539267,909262626015,20003046,sA-eth3,up,909262446322,netem,8964,134,0,0,0,66,1,1923232,134,0,9320,138,0
15,909280548861,909282771493,20009594,sA-eth3,up,909282582659,netem,10218,153,0,0,0,66,1,2107118,149,0,10640,158,0
16,909300531906,909302872590,19983045,sA-eth3,up,909302688116,netem,173886,263,0,0,0,109008,4,2108042,163,0,167972,172,0
17,909320529220,909322603400,19997314,sA-eth3,up,909322426336,netem,396444,410,0,0,0,181680,6,2108570,171,0,417556,180,0
18,909340529505,909342382690,20000285,sA-eth3,up,909342205437,netem,668964,590,0,0,0,121120,4,2109098,179,0,642524,188,0
19,909360531250,909362702981,20001745,sA-eth3,up,909362437776,netem,918774,755,0,0,0,36336,2,2110220,196,0,882566,205,0
20,909380541445,909382882429,20010195,sA-eth3,up,909382707656,netem,1176154,925,0,0,0,45420,3,2111408,214,0,1129914,223,0
21,909400529890,909402694381,19988445,sA-eth3,up,909402520117,netem,1425964,1090,0,0,0,37850,3,2112596,232,0,1370022,242,0
22,909420528294,909422604923,19998404,sA-eth3,up,909422434840,netem,1668204,1250,0,0,0,52990,4,2113784,250,0,1602890,259,0
23,909440530809,909442475576,20002515,sA-eth3,up,909442295253,netem,1925584,1420,0,0,0,45420,3,2115038,269,0,1850304,278,0
24,909460529203,909462489071,19998394,sA-eth3,up,909462317997,netem,2172366,1583,0,0,0,30794,3,2116226,287,0,2087516,296,0
25,909480528859,909482487166,19999656,sA-eth3,up,909482315633,netem,2203754,1613,0,0,0,132,2,2311404,304,0,2117782,309,0
26,909500525814,909502523301,19996955,sA-eth3,up,909502338848,netem,2204942,1631,0,0,0,66,1,2552960,322,0,2118904,326,0
27,909520528398,909522476725,20002584,sA-eth3,up,909522301952,netem,2206130,1649,0,0,0,66,1,2803270,341,0,2120092,344,0
28,909540530174,909542545111,20001776,sA-eth3,up,909542338848,netem,2207318,1667,0,0,0,0,0,3047722,359,0,2121280,362,0
29,909560528468,909562464664,19998294,sA-eth3,up,909562285841,netem,2208308,1682,0,0,0,66,1,3292174,377,0,2122336,378,0
30,909580528603,909582489720,20000135,sA-eth3,up,909582307676,netem,2209364,1698,0,0,0,66,1,3538140,396,0,2123326,393,0
31,909600532049,909603065395,20003446,sA-eth3,up,909602854632,netem,2210420,1714,0,0,0,66,1,3800034,415,0,2124382,409,0
32,909620576723,909623166851,20044674,sA-eth3,up,909622866326,netem,2211476,1730,0,0,0,66,1,4044486,433,0,2125504,426,0
33,909640508108,909642764559,19931385,sA-eth3,up,909642585576,netem,2212598,1747,0,0,0,66,1,4223896,446,0,2126626,443,0
34,909660530532,909662797435,20022424,sA-eth3,up,909662566211,netem,2400688,1876,0,0,0,49962,3,4224754,459,0,2307258,459,0
35,909680542518,909682752038,20011986,sA-eth3,up,909682576025,netem,2652012,2042,0,0,0,51476,3,4225942,477,0,2548814,477,0
36,909700529192,909703144590,19986674,sA-eth3,up,909702937537,netem,2909392,2212,0,0,0,51476,3,4227130,495,0,2796228,496,0
37,909720529916,909722868600,20000724,sA-eth3,up,909722687237,netem,3144062,2367,0,0,0,52990,4,4228318,513,0,3036336,514,0
38,909740535932,909742828374,20006016,sA-eth3,up,909742653091,netem,3401442,2537,0,0,0,45420,3,4229440,530,0,3269138,531,0
39,909760535177,909762479273,19999245,sA-eth3,up,909762250629,netem,3651252,2702,0,0,0,37850,3,4230628,549,0,3516552,550,0
40,909780531892,909782444447,19996715,sA-eth3,up,909782266393,netem,3893492,2862,0,0,0,52990,4,4231750,565,0,3756594,567,0
41,909800528066,909802485703,19996174,sA-eth3,up,909802314470,netem,4150872,3032,0,0,0,45420,3,4232938,583,0,3989462,585,0
42,909820530631,909822484417,20002565,sA-eth3,up,909822283854,netem,4403820,3200,0,0,0,2028,1,4234192,602,0,4234538,605,0
43,909840530876,909842658596,20000245,sA-eth3,up,909842452681,netem,4406640,3214,0,0,0,66,1,4445232,618,0,4235330,617,0
44,909860533970,909863242052,20003094,sA-eth3,up,909863069048,netem,4407828,3232,0,0,0,0,0,4699886,637,0,4236518,635,0
45,909880527455,909883063133,19993485,sA-eth3,up,909882863629,netem,4409016,3250,0,0,0,0,0,4938742,657,0,4237706,653,0
46,909900537480,909903026867,20010025,sA-eth3,up,909902832914,netem,4410138,3267,0,0,0,66,1,5180364,676,0,4238828,670,0
47,909920534495,909923066533,19997015,sA-eth3,up,909922859388,netem,4411392,3286,0,0,0,0,0,5420472,694,0,4240082,689,0
48,909940529900,909942978186,19995405,sA-eth3,up,909942797353,netem,4412674,3305,0,0,0,0,0,5653340,712,0,4241364,708,0
49,909960560835,909963082022,20030935,sA-eth3,up,909962886819,netem,4413862,3323,0,0,0,66,1,5900754,731,0,4242618,727,0
50,909980539700,909983237651,19978865,sA-eth3,up,909983059487,netem,4415116,3342,0,0,0,66,1,6140862,749,0,4243806,745,0
51,910000532304,910003018671,19992604,sA-eth3,up,910002693815,netem,4416304,3360,0,0,0,66,1,6342190,765,0,4244994,763,0
52,910020550750,910022716410,20018446,sA-eth3,up,910022489365,netem,4545376,3450,0,0,0,40878,3,6342916,776,0,4386492,778,0
53,910040542454,910042546932,19991704,sA-eth3,up,910042361868,netem,4802756,3620,0,0,0,37850,3,6344038,793,0,4616398,795,0
54,910060553389,910062559717,20010935,sA-eth3,up,910062293552,netem,5044996,3780,0,0,0,45420,3,6345292,812,0,4863812,814,0
55,910080538683,910082937948,19985294,sA-eth3,up,910082716065,netem,5309946,3955,0,0,0,37850,3,6346546,831,0,5111226,833,0
56,910100542519,910102706339,20003836,sA-eth3,up,910102435024,netem,5552186,4115,0,0,0,52990,4,6347668,848,0,5336788,851,0
57,910120518113,910122561642,19975594,sA-eth3,up,910122379648,netem,5809566,4285,0,0,0,45420,3,6348922,867,0,5584202,869,0
58,910140532258,910142525366,20014145,sA-eth3,up,910142306122,netem,6056348,4448,0,0,0,40878,3,6350110,885,0,5821414,887,0
59,910160532163,910162648482,19999905,sA-eth3,up,910162475209,netem,6301616,4610,0,0,0,52990,4,6351364,904,0,6068828,906,0
60,910180547878,910182651588,20015715,sA-eth3,up,910182472854,netem,6543856,4770,0,0,0,60560,4,6352552,922,0,6307488,924,0
61,910200530244,910202597492,19982366,sA-eth3,up,910202415249,netem,6609934,4821,0,0,0,66,1,6476580,936,0,6353550,935,0
62,910220528978,910222841691,19998734,sA-eth3,up,910222642048,netem,6611056,4838,0,0,0,66,1,6738474,955,0,6354672,952,0
63,910240530914,910242715704,20001936,sA-eth3,up,910242420159,netem,6612244,4856,0,0,0,66,1,6971342,973,0,6355926,971,0
64,910260601950,910262874522,20071036,sA-eth3,up,910262658888,netem,6613818,4879,0,0,0,66,1,7211450,991,0,6357500,994,0
65,910280542644,910282565511,19940694,sA-eth3,up,910282313056,netem,6615006,4897,0,0,0,66,1,7444318,1009,0,6358622,1011,0
66,910300537618,910302468765,19994974,sA-eth3,up,910302271650,netem,6616194,4915,0,0,0,66,1,7691732,1028,0,6359810,1029,0
67,910320548114,910322814506,20010496,sA-eth3,up,910322611552,netem,6617448,4934,0,0,0,66,1,7939146,1047,0,6361064,1048,0
68,910340532178,910342596307,19984064,sA-eth3,up,910342400283,netem,6618636,4952,0,0,0,66,1,8176358,1065,0,6362252,1066,0
69,910360538904,910363047941,20006726,sA-eth3,up,910362811496,netem,6619890,4971,0,0,0,156,2,8426668,1084,0,6363506,1085,0
70,910380535168,910382972243,19996264,sA-eth3,up,910382737500,netem,6696298,5031,0,0,0,22710,2,8461014,1093,0,6444250,1101,0
71,910400549214,910402799266,20014046,sA-eth3,up,910402607252,netem,6938538,5191,0,0,0,37850,3,8462136,1110,0,6669746,1117,0
72,910420536398,910422452284,19987184,sA-eth3,up,910422266830,netem,7180778,5351,0,0,0,60560,4,8463390,1129,0,6917160,1136,0
73,910440543084,910442529571,20006686,sA-eth3,up,910442329006,netem,7442700,5524,0,0,0,40878,3,8464578,1147,0,7154372,1154,0
74,910460545079,910462491196,20001995,sA-eth3,up,910462303562,netem,7687968,5686,0,0,0,37850,3,8465766,1165,0,7390136,1172,0
75,910480534283,910482749465,19989204,sA-eth3,up,910482578071,netem,7930208,5846,0,0,0,57532,4,8467020,1184,0,7640446,1191,0
76,910500528938,910502614117,19994655,sA-eth3,up,910502441434,netem,8180018,6011,0,0,0,52990,4,8468208,1202,0,7880554,1209,0
77,910520537283,910522516200,20008345,sA-eth3,up,910522325847,netem,8437398,6181,0,0,0,37850,3,8469396,1220,0,8110526,1227,0
78,910540540709,910542812591,20003426,sA-eth3,up,910542633687,netem,8694868,6352,0,0,0,48448,3,8470650,1239,0,8358030,1247,0
79,910560536793,910562425069,19996084,sA-eth3,up,910562239405,netem,8813738,6435,0,0,0,0,0,8551370,1255,0,8472280,1260,0
80,910580532038,910582467645,19995245,sA-eth3,up,910582244071,netem,8814860,6452,0,0,0,66,1,8805958,1273,0,8473402,1277,0
81,910600540073,910602651523,20008035,sA-eth3,up,910602452120,netem,8816048,6470,0,0,0,132,2,9053372,1292,0,8474656,1296,0
82,910620535059,910622969804,19994986,sA-eth3,up,910622711979,netem,8817302,6489,0,0,0,66,1,9300786,1311,0,8475910,1315,0
83,910640528903,910642658113,19993844,sA-eth3,up,910642388678,netem,8818490,6507,0,0,0,66,1,9533654,1329,0,8477032,1332,0
84,910660539179,910662513016,20010276,sA-eth3,up,910662332972,netem,8819678,6525,0,0,0,132,2,9776658,1347,0,8478220,1350,0
85,910680533953,910682713355,19994774,sA-eth3,up,910682537670,netem,8820932,6544,0,0,0,66,1,10021176,1366,0,8479474,1369,0
86,910700545099,910702539876,20011146,sA-eth3,up,910702336473,netem,8822120,6562,0,0,0,66,1,10249634,1383,0,8480728,1388,0
87,910720556983,910722636003,20011884,sA-eth3,up,910722423049,netem,8823308,6580,0,0,0,132,2,10494152,1402,0,8481916,1406,0
88,910740533689,910742483095,19976706,sA-eth3,up,910742281402,netem,8899890,6643,0,0,0,22710,2,10579508,1416,0,8562768,1424,0
89,910760532674,910762652794,19998985,sA-eth3,up,910762476650,netem,9157270,6813,0,0,0,37850,3,10580630,1433,0,8802810,1441,0
90,910780521438,910783043726,19988764,sA-eth3,up,910782792011,netem,9399600,6974,0,0,0,45420,3,10581818,1451,0,9050314,1461,0
91,910800533563,910802570342,20012125,sA-eth3,up,910802392939,netem,9656980,7144,0,0,0,42392,3,10583006,1469,0,9283182,1479,0
92,910820534228,910822571456,20000665,sA-eth3,up,910822370623,netem,9894678,7301,0,0,0,46934,3,10584128,1486,0,9511640,1496,0
93,910840529633,910842409499,19995405,sA-eth3,up,910842236265,netem,10149030,7469,0,0,0,36336,2,10585316,1504,0,9756158,1515,0
94,910860536718,910862458815,20007085,sA-eth3,up,910862260241,netem,10398840,7634,0,0,0,37850,3,10586504,1522,0,10003506,1533,0
95,910880533764,910882506380,19997046,sA-eth3,up,910882265416,netem,10641080,7794,0,0,0,52990,4,10587692,1540,0,10243614,1551,0
96,910900532868,910902402774,19999104,sA-eth3,up,910902227550,netem,10898460,7964,0,0,0,45420,3,10589040,1560,0,10476482,1569,0
97,910920505673,910922832027,19972805,sA-eth3,up,910922620583,netem,11017396,8048,0,0,0,132,2,10698852,1578,0,10590864,1584,0
98,910940531248,910942786531,20025575,sA-eth3,up,910942578947,netem,11018584,8066,0,0,0,66,1,10946200,1596,0,10591986,1601,0
99,910960533664,910962630983,20002416,sA-eth3,up,910962462250,netem,11019772,8084,0,0,0,66,1,11193614,1615,0,10593240,1620,0
100,910980530118,910982333632,19996454,sA-eth3,up,910982163489,netem,11020960,8102,0,0,0,66,1,11433722,1633,0,10594362,1638,0
101,911000529324,911002368078,19999206,sA-eth3,up,911002193685,netem,11022214,8121,0,0,0,66,1,11666590,1651,0,10595616,1656,0
102,911020530068,911022772690,20000744,sA-eth3,up,911022597207,netem,11023402,8139,0,0,0,66,1,11914004,1670,0,10596804,1674,0
103,911040533464,911042436649,20003396,sA-eth3,up,911042262826,netem,11024590,8157,0,0,0,66,1,12157008,1688,0,10597992,1692,0
104,911060527478,911062378273,19994014,sA-eth3,up,911062202670,netem,11025844,8176,0,0,0,0,0,12389876,1707,0,10599246,1711,0
105,911080531374,911082395518,20003896,sA-eth3,up,911082202335,netem,11027032,8194,0,0,0,66,1,12629984,1724,0,10600434,1729,0
106,911100539879,911102838692,20008505,sA-eth3,up,911102661908,netem,11076320,8238,0,0,0,34822,2,12697790,1735,0,10647808,1744,0
107,911120533914,911122709745,19994035,sA-eth3,up,911122506211,netem,11330672,8406,0,0,0,30280,2,12698912,1752,0,10892260,1762,0
108,911140528959,911142467635,19995045,sA-eth3,up,911142235450,netem,11565342,8561,0,0,0,52990,4,12700034,1769,0,11132302,1779,0
109,911160528954,911162367358,19999995,sA-eth3,up,911162189925,netem,11822722,8731,0,0,0,52990,4,12701222,1787,0,11365170,1797,0
110,911180527319,911182430365,19998365,sA-eth3,up,911182254182,netem,12080102,8901,0,0,0,45420,3,12702476,1806,0,11612584,1816,0
111,911200539094,911202450941,20011775,sA-eth3,up,911202268926,netem,12326884,9064,0,0,0,40878,3,12703664,1824,0,11849796,1834,0
112,911220528700,911222421785,19989606,sA-eth3,up,911222223430,netem,12572152,9226,0,0,0,37850,3,12704918,1843,0,12097210,1853,0
113,911240531434,911242364309,20002734,sA-eth3,up,911242185656,netem,12814392,9386,0,0,0,57532,4,12706106,1861,0,12335870,1871,0
114,911260528500,911262509447,19997066,sA-eth3,up,911262271782,netem,13064202,9551,0,0,0,59046,4,12707294,1879,0,12575978,1889,0
115,911280531176,911282757417,20002676,sA-eth3,up,911282554802,netem,13220790,9657,0,0,0,66,1,12766294,1895,0,12709118,1903,0
116,911300529610,911302566578,19998434,sA-eth3,up,911302393785,netem,13221912,9674,0,0,0,132,2,13028188,1914,0,12710240,1920,0
117,911320537555,911322666435,20007945,sA-eth3,up,911322491702,netem,13223100,9692,0,0,0,66,1,13269810,1933,0,12711428,1938,0
118,911340533141,911342379105,19995586,sA-eth3,up,911342208722,netem,13224354,9711,0,0,0,66,1,13508404,1950,0,12712616,1956,0
119,911360539716,911362424341,20006575,sA-eth3,up,911362236438,netem,13225476,9728,0,0,0,66,1,13736928,1968,0,12713738,1973,0
120,911380542441,911382427607,20002725,sA-eth3,up,911382254813,netem,13226664,9746,0,0,0,0,0,13981380,1986,0,12714926,1991,0
121,911400527277,911402360200,19984836,sA-eth3,up,911402188887,netem,13227852,9764,0,0,0,66,1,14221488,2004,0,12716114,2009,0
122,911420538971,911422368466,20011694,sA-eth3,up,911422195793,netem,13229040,9782,0,0,0,66,1,14468902,2023,0,12717302,2027,0
123,911440541017,911442506144,20002046,sA-eth3,up,911442329491,netem,13230294,9801,0,0,0,66,1,14701770,2041,0,12718556,2046,0
124,911460546962,911462795124,20005945,sA-eth3,up,911462613101,netem,13261522,9835,0,0,0,30280,2,14815954,2053,0,12748596,2062,0
125,911480531327,911482670467,19984365,sA-eth3,up,911482400132,netem,13511332,10000,0,0,0,37850,3,14817142,2071,0,12995944,2080,0
126,911500530912,911502643752,19999585,sA-eth3,up,911502469129,netem,13753572,10160,0,0,0,52990,4,14818330,2089,0,13236052,2098,0
127,911520531288,911522673508,20000376,sA-eth3,up,911522495194,netem,14010952,10330,0,0,0,45420,3,14819518,2107,0,13468920,2116,0
128,911540538502,911542939418,20007214,sA-eth3,up,911542732594,netem,14268332,10500,0,0,0,30280,2,14820706,2125,0,13716334,2135,0
129,911560534568,911562596947,19996066,sA-eth3,up,911562416733,netem,14509058,10659,0,0,0,46934,4,14821828,2142,0,13947688,2152,0
130,911580529693,911582476599,19995125,sA-eth3,up,911582294916,netem,14763410,10827,0,0,0,39364,3,14823082,2161,0,14192206,2171,0
131,911600560849,911602512815,20031156,sA-eth3,up,911602313382,netem,15013220,10992,0,0,0,34822,3,14824336,2180,0,14436724,2190,0
132,911620533634,911622572202,19972785,sA-eth3,up,911622383408,netem,15252432,11150,0,0,0,56018,4,14825524,2198,0,14676832,2208,0
133,911640537249,911642750530,20003615,sA-eth3,up,911642556306,netem,15424160,11266,0,0,0,66,1,14890382,2215,0,14827348,2222,0
134,911660536413,911662697705,19999164,sA-eth3,up,911662483261,netem,15425150,11281,0,0,0,66,1,15150762,2233,0,14828404,2238,0
135,911680531099,911682566467,19994686,sA-eth3,up,911682381793,netem,15426272,11298,0,0,0,66,1,15380668,2251,0,14829460,2254,0
136,911700533055,911702547042,20001956,sA-eth3,up,911702361228,netem,15427394,11315,0,0,0,0,0,15626568,2268,0,14830582,2271,0
137,911720531359,911722813822,19998304,sA-eth3,up,911722602057,netem,15428450,11331,0,0,0,66,1,15881156,2286,0,14831638,2287,0
138,911740521554,911742662015,19990195,sA-eth3,up,911742475741,netem,15429638,11349,0,0,0,66,1,16128570,2305,0,14832826,2305,0
139,911760532329,911762549508,20010775,sA-eth3,up,911762371424,netem,15430892,11368,0,0,0,0,0,16361438,2323,0,14834080,2324,0
140,911780533264,911782485872,20000935,sA-eth3,up,911782284098,netem,15432080,11386,0,0,0,0,0,16604442,2341,0,14835268,2342,0
141,911800531830,911802539608,19998566,sA-eth3,up,911802362024,netem,15433268,11404,0,0,0,66,1,16851856,2360,0,14836522,2361,0
142,911820535606,911822591254,20003776,sA-eth3,up,911822401790,netem,15464562,11439,0,0,0,15140,1,16934052,2370,0,14866562,2377,0
143,911840543010,911842539028,20007404,sA-eth3,up,911842366795,netem,15714372,11604,0,0,0,37850,3,16935174,2387,0,15106604,2394,0
144,911860531976,911862457241,19988966,sA-eth3,up,911862277678,netem,15950556,11760,0,0,0,43906,3,16936362,2405,0,15348226,2413,0
145,911880511990,911882838524,19980014,sA-eth3,up,911882639420,netem,16210964,11932,0,0,0,42392,3,16937550,2423,0,15595574,2431,0
146,911900535756,911902429271,20023766,sA-eth3,up,911902245088,netem,16454718,12093,0,0,0,40878,3,16938606,2439,0,15818174,2447,0
147,911920529702,911922537159,19993946,sA-eth3,up,911922362755,netem,16709070,12261,0,0,0,52990,3,16939860,2458,0,16062692,2466,0
148,911940530216,911942367071,20000514,sA-eth3,up,911942197228,netem,16963422,12429,0,0,0,30280,2,16941048,2476,0,16307144,2484,0
149,911960536481,911962484249,20006265,sA-eth3,up,911962308895,netem,17213232,12594,0,0,0,37850,3,16942236,2494,0,16547252,2502,0
150,911980533107,911982372611,19996626,sA-eth3,up,911982199488,netem,17455472,12754,0,0,0,52990,4,16943424,2512,0,16780120,2520,0
151,912000532732,912002945658,19999625,sA-eth3,up,912002742783,netem,17627134,12869,0,0,0,66,1,16988010,2529,0,16945182,2535,0
152,912020532437,912022746879,19999705,sA-eth3,up,912022537714,netem,17628256,12886,0,0,0,66,1,17249904,2548,0,16946304,2552,0
153,912040542093,912042758174,20009656,sA-eth3,up,912042562470,netem,17629444,12904,0,0,0,66,1,17482772,2566,0,16947426,2569,0
154,912060531887,912062678677,19989794,sA-eth3,up,912062507744,netem,17630566,12921,0,0,0,66,1,17734530,2585,0,16948614,2587,0
155,912080529452,912082536360,19997565,sA-eth3,up,912082365657,netem,17631754,12939,0,0,0,66,1,17967398,2603,0,16949736,2604,0
156,912100534408,912102434034,20004956,sA-eth3,up,912102253610,netem,17632942,12957,0,0,0,66,1,18220538,2621,0,16950990,2623,0
157,912120534823,912122895498,20000415,sA-eth3,up,912122718924,netem,17634130,12975,0,0,0,66,1,18463542,2639,0,16952178,2641,0
158,912140529048,912142679439,19994225,sA-eth3,up,912142454005,netem,17635252,12992,0,0,0,66,1,18693514,2657,0,16953300,2658,0
159,912160528424,912162736006,19999376,sA-eth3,up,912162542351,netem,17636506,13011,0,0,0,66,1,18923486,2675,0,16954488,2676,0
160,912180533689,912182492916,20005265,sA-eth3,up,912182312433,netem,17652594,13035,0,0,0,30280,2,19052084,2686,0,16969982,2691,0
161,912200530705,912203080012,19997016,sA-eth3,up,912202863468,netem,17914516,13208,0,0,0,40878,3,19053272,2704,0,17221674,2709,0
162,912220531339,912222598749,20000634,sA-eth3,up,912222422956,netem,18147672,13362,0,0,0,49962,4,19054460,2722,0,17463230,2727,0
163,912240492505,912242501742,19961166,sA-eth3,up,912242331749,netem,18402024,13530,0,0,0,60560,4,19055648,2740,0,17690306,2745,0
164,912260530811,912262365624,20038306,sA-eth3,up,912262199362,netem,18651834,13695,0,0,0,59046,4,19056836,2758,0,17930414,2763,0
165,912280535326,912282424972,20004515,sA-eth3,up,912282252288,netem,18909214,13865,0,0,0,56018,4,19058090,2777,0,18177828,2782,0
166,912300531602,912302398797,19996276,sA-eth3,up,912302227834,netem,19151454,14025,0,0,0,60560,4,19059278,2795,0,18410696,2800,0
167,912320531817,912322369641,20000215,sA-eth3,up,912322176888,netem,19401264,14190,0,0,0,52990,4,19060466,2813,0,18650804,2818,0
168,912340530182,912342850966,19998365,sA-eth3,up,912342648582,netem,19658644,14360,0,0,0,52990,4,19061720,2832,0,18898218,2837,0
169,912360526207,912362426963,19996025,sA-eth3,up,912362244769,netem,19830240,14474,0,0,0,0,0,19062578,2845,0,19063148,2850,0
170,912380540273,912382521000,20014066,sA-eth3,up,912382194914,netem,19830240,14474,0,0,0,0,0,19062578,2845,0,19063148,2850,0
171,912400543738,912403915532,20003465,sA-eth3,up,912403669248,netem,19830240,14474,0,0,0,0,0,19062578,2845,0,19063148,2850,0
172,912420540054,912423096132,19996316,sA-eth3,up,912422821457,netem,19830240,14474,0,0,0,0,0,19062578,2845,0,19063148,2850,0
173,912440537639,912442491126,19997585,sA-eth3,up,912442300322,netem,19830240,14474,0,0,0,0,0,19062578,2845,0,19063148,2850,0
174,912460534864,912462562702,19997225,sA-eth3,up,912462330408,netem,19830240,14474,0,0,0,0,0,19062578,2845,0,19063148,2850,0
175,912480538010,912482438836,20003146,sA-eth3,up,912482261423,netem,19830240,14474,0,0,0,0,0,19062578,2845,0,19063148,2850,0
176,912500536115,912502453102,19998105,sA-eth3,up,912502275928,netem,19830240,14474,0,0,0,0,0,19062578,2845,0,19063148,2850,0
177,912520530481,912522666740,19994366,sA-eth3,up,912522490607,netem,19830240,14474,0,0,0,0,0,19062578,2845,0,19063148,2850,0
178,912540539336,912542503033,20008855,sA-eth3,up,912542313330,netem,19830240,14474,0,0,0,0,0,19062578,2845,0,19063148,2850,0
179,912560533141,912562436107,19993805,sA-eth3,up,912562262894,netem,19830240,14474,0,0,0,0,0,19062578,2845,0,19063148,2850,0
180,912580515176,912582808459,19982035,sA-eth3,up,912582598856,netem,19981730,14575,0,0,0,36336,2,19063370,2857,0,19208764,2862,0
181,912600532952,912602369267,20017776,sA-eth3,up,912602197014,netem,20231540,14740,0,0,0,22710,2,19064426,2873,0,19448872,2880,0
182,912620528767,912622424553,19995815,sA-eth3,up,912622248819,netem,20473780,14900,0,0,0,30280,2,19065680,2892,0,19696286,2899,0
183,912640533282,912642449768,20004515,sA-eth3,up,912642275475,netem,20731160,15070,0,0,0,30280,2,19066802,2909,0,19929154,2917,0
184,912660527408,912662316402,19994126,sA-eth3,up,912662151008,netem,20980970,15235,0,0,0,22710,2,19067990,2927,0,20169262,2935,0
185,912680529014,912682332657,20001606,sA-eth3,up,912682164684,netem,21235322,15403,0,0,0,30280,2,19069178,2945,0,20413780,2954,0
186,912700531999,912702402723,20002985,sA-eth3,up,912702229810,netem,21480590,15565,0,0,0,36336,3,19070300,2962,0,20661128,2972,0
187,912720550565,912722609183,20018566,sA-eth3,up,912722358898,netem,21733428,15732,0,0,0,37850,3,19071488,2980,0,20892548,2990,0
188,912740538890,912742408794,19988325,sA-eth3,up,912742226482,netem,21972640,15890,0,0,0,30280,2,19072742,2999,0,21137066,3009,0
189,912760530815,912762744126,19991925,sA-eth3,up,912762563533,netem,22023116,15924,0,0,0,0,0,19073006,3003,0,21171016,3012,0
190,912780530300,912782462776,19999485,sA-eth3,up,912782281233,netem,22023116,15924,0,0,0,0,0,19073006,3003,0,21171016,3012,0
191,912800477154,912802336510,19946854,sA-eth3,up,912802161266,netem,22023116,15924,0,0,0,0,0,19073006,3003,0,21171016,3012,0
192,912820529381,912822350095,20052227,sA-eth3,up,912822176052,netem,22023116,15924,0,0,0,0,0,19073006,3003,0,21171016,3012,0
193,912840529256,912842362701,19999875,sA-eth3,up,912842149216,netem,22023116,15924,0,0,0,0,0,19073006,3003,0,21171016,3012,0
194,912860527961,912862859156,19998705,sA-eth3,up,912862681872,netem,22023116,15924,0,0,0,0,0,19073006,3003,0,21171016,3012,0
195,912880531147,912882479734,20003186,sA-eth3,up,912882302260,netem,22023116,15924,0,0,0,0,0,19073006,3003,0,21171016,3012,0
196,912900527503,912902383208,19996356,sA-eth3,up,912902213994,netem,22023116,15924,0,0,0,0,0,19073006,3003,0,21171016,3012,0
197,912920529188,912922363682,20001685,sA-eth3,up,912922198139,netem,22023116,15924,0,0,0,0,0,19073006,3003,0,21171016,3012,0
198,912940535873,912942827656,20006685,sA-eth3,up,912942643293,netem,22154924,16012,0,0,0,34822,3,19073600,3012,0,21309326,3023,0
199,912960533159,912962416175,19997286,sA-eth3,up,912962241020,netem,22397164,16172,0,0,0,48448,3,19074788,3030,0,21547986,3041,0
200,912980540264,912982525292,20007105,sA-eth3,up,912982296077,netem,22651516,16340,0,0,0,33308,2,19075976,3048,0,21789608,3060,0
201,913000542099,913003025596,20001835,sA-eth3,up,913002751261,netem,22916466,16515,0,0,0,22710,2,19077098,3065,0,22029650,3077,0
202,913020545905,913022678625,20003806,sA-eth3,up,913022452881,netem,23158706,16675,0,0,0,30280,2,19078220,3082,0,22262452,3094,0
203,913040540801,913042669110,19994896,sA-eth3,up,913042484897,netem,23400946,16835,0,0,0,45420,3,19079474,3101,0,22509866,3113,0
204,913060532856,913062538313,19992055,sA-eth3,up,913062361010,netem,23650756,17000,0,0,0,37850,3,19080662,3119,0,22749974,3131,0
205,913080527831,913082396506,19994975,sA-eth3,up,913082229943,netem,23908136,17170,0,0,0,30280,2,19081850,3137,0,22982842,3149,0
206,913100533286,913102439222,20005455,sA-eth3,up,913102269309,netem,24150376,17330,0,0,0,30280,2,19083104,3156,0,23230256,3168,0
207,913120534832,913123051550,20001546,sA-eth3,up,913122810174,netem,24215992,17374,0,0,0,0,0,19083434,3161,0,23278752,3172,0
208,913140553707,913142815870,20018875,sA-eth3,up,913142634897,netem,24215992,17374,0,0,0,0,0,19083434,3161,0,23278752,3172,0
209,913160531762,913162427608,19978055,sA-eth3,up,913162253285,netem,24215992,17374,0,0,0,0,0,19083434,3161,0,23278752,3172,0
210,913180541348,913182562966,20009586,sA-eth3,up,913182322822,netem,24215992,17374,0,0,0,0,0,19083434,3161,0,23278752,3172,0
211,913200542044,913202529351,20000696,sA-eth3,up,913202348027,netem,24215992,17374,0,0,0,0,0,19083434,3161,0,23278752,3172,0
212,913220530759,913222577578,19988715,sA-eth3,up,913222406834,netem,24215992,17374,0,0,0,0,0,19083434,3161,0,23278752,3172,0
213,913240545735,913242756126,20014976,sA-eth3,up,913242492541,netem,24215992,17374,0,0,0,0,0,19083434,3161,0,23278752,3172,0
214,913260542350,913262616060,19996615,sA-eth3,up,913262401055,netem,24215992,17374,0,0,0,0,0,19083434,3161,0,23278752,3172,0
215,913280538066,913282868920,19995716,sA-eth3,up,913282685576,netem,24215992,17374,0,0,0,0,0,19083434,3161,0,23278752,3172,0
216,913300531921,913302607601,19993855,sA-eth3,up,913302425026,netem,24353856,17466,0,0,0,28766,3,19084028,3170,0,23411204,3182,0
217,913320530047,913322425452,19998126,sA-eth3,up,913322250939,netem,24590040,17622,0,0,0,42392,3,19085216,3188,0,23655722,3201,0
218,913340526753,913342448169,19996706,sA-eth3,up,913342232204,netem,24844392,17790,0,0,0,42392,3,19086470,3207,0,23882798,3219,0
219,913360526418,913362399093,19999665,sA-eth3,up,913362197380,netem,25094202,17955,0,0,0,40878,3,19087592,3224,0,24122906,3238,0
220,913380488043,913382396829,19961625,sA-eth3,up,913382195855,netem,25351582,18125,0,0,0,33308,2,19088780,3242,0,24370320,3256,0
221,913400530949,913402469185,20042906,sA-eth3,up,913402245091,netem,25593822,18285,0,0,0,30280,2,19090034,3261,0,24617734,3275,0
222,913420490774,913422387980,19959825,sA-eth3,up,913422212687,netem,25843632,18450,0,0,0,37850,3,19091222,3279,0,24857842,3293,0
223,913440533690,913442377445,20042916,sA-eth3,up,913442200522,netem,26101012,18620,0,0,0,30280,2,19092410,3297,0,25090710,3311,0
224,913460542767,913462658626,20009077,sA-eth3,up,913462440102,netem,26343252,18780,0,0,0,45420,3,19093664,3316,0,25338124,3330,0
225,913480535402,913482505279,19992635,sA-eth3,up,913482323105,netem,26408868,18824,0,0,0,0,0,19093994,3321,0,25386620,3334,0
226,913500541208,913502400442,20005806,sA-eth3,up,913502227449,netem,26408868,18824,0,0,0,0,0,19093994,3321,0,25386620,3334,0
227,913520482752,913522337407,19941544,sA-eth3,up,913522165764,netem,26408868,18824,0,0,0,0,0,19093994,3321,0,25386620,3334,0
228,913540531689,913542744259,20048937,sA-eth3,up,913542573126,netem,26408868,18824,0,0,0,0,0,19093994,3321,0,25386620,3334,0
229,913560532104,913562917838,20000415,sA-eth3,up,913562745145,netem,26408868,18824,0,0,0,0,0,19093994,3321,0,25386620,3334,0
230,913580532090,913582775502,19999986,sA-eth3,up,913582598528,netem,26408868,18824,0,0,0,0,0,19093994,3321,0,25386620,3334,0
231,913600526735,913602576393,19994645,sA-eth3,up,913602356739,netem,26408868,18824,0,0,0,0,0,19093994,3321,0,25386620,3334,0
232,913620532261,913622608269,20005526,sA-eth3,up,913622363885,netem,26408868,18824,0,0,0,0,0,19093994,3321,0,25386620,3334,0
233,913640534486,913642582725,20002225,sA-eth3,up,913642392951,netem,26408868,18824,0,0,0,0,0,19093994,3321,0,25386620,3334,0
234,913660577452,913662755753,20042966,sA-eth3,up,913662567460,netem,26510396,18892,0,0,0,24224,2,19094390,3327,0,25495838,3343,0
235,913680550957,913682648146,19973505,sA-eth3,up,913682467673,netem,26764748,19060,0,0,0,30280,2,19095578,3345,0,25728706,3361,0
236,913700535983,913702418838,19985026,sA-eth3,up,913702243885,netem,26999418,19215,0,0,0,33308,2,19096832,3364,0,25968814,3379,0
237,913720543259,913722639088,20007276,sA-eth3,up,913722419574,netem,27256868,19386,0,0,0,30280,2,19098086,3383,0,26201752,3398,0
238,913740538944,913742464920,19995685,sA-eth3,up,913742284196,netem,27506678,19551,0,0,0,37850,3,19099208,3400,0,26449166,3417,0
239,913760529280,913762415355,19990336,sA-eth3,up,913762241021,netem,27748918,19711,0,0,0,37850,3,19100462,3419,0,26689274,3435,0
240,913780529795,913782519282,20000515,sA-eth3,up,913782347679,netem,28006298,19881,0,0,0,30280,2,19101650,3438,0,26922142,3453,0
241,913800528540,913802434506,19998745,sA-eth3,up,913802262403,netem,28263678,20051,0,0,0,30280,2,19102838,3455,0,27169556,3472,0
242,913820524936,913822694297,19996396,sA-eth3,up,913822525163,netem,28513488,20216,0,0,0,22710,2,19104092,3474,0,27409664,3490,0
243,913840524842,913842723013,19999906,sA-eth3,up,913842526889,netem,28601814,20275,0,0,0,0,0,19104620,3482,0,27494558,3497,0
244,913860526307,913862462083,20001465,sA-eth3,up,913862289640,netem,28601814,20275,0,0,0,0,0,19104620,3482,0,27494558,3497,0
245,913880532423,913882486180,20006116,sA-eth3,up,913882288925,netem,28601814,20275,0,0,0,0,0,19104620,3482,0,27494558,3497,0
246,913900532778,913902704269,20000355,sA-eth3,up,913902527266,netem,28601814,20275,0,0,0,0,0,19104620,3482,0,27494558,3497,0
247,913920525804,913922418059,19993026,sA-eth3,up,913922247176,netem,28601884,20276,0,0,0,0,0,19104620,3482,0,27494628,3498,0
248,913940532719,913942526897,20006915,sA-eth3,up,913942359723,netem,28601884,20276,0,0,0,0,0,19104620,3482,0,27494628,3498,0
249,913960538455,913962580133,20005736,sA-eth3,up,913962401800,netem,28601884,20276,0,0,0,0,0,19104620,3482,0,27494628,3498,0
250,913980535840,913982628300,19997385,sA-eth3,up,913982401875,netem,28601884,20276,0,0,0,0,0,19104620,3482,0,27494628,3498,0
251,914000530566,914002449931,19994726,sA-eth3,up,914002280219,netem,28601884,20276,0,0,0,0,0,19104620,3482,0,27494628,3498,0
252,914020535581,914022616420,20005015,sA-eth3,up,914022433807,netem,28665562,20319,0,0,0,56018,4,19104950,3487,0,27574754,3505,0
253,914040532057,914042728848,19996476,sA-eth3,up,914042557435,netem,28919914,20487,0,0,0,30280,2,19106138,3505,0,27814862,3523,0
254,914060533692,914062365908,20001635,sA-eth3,up,914062196514,netem,29177294,20657,0,0,0,15140,1,19107260,3522,0,28047730,3541,0
255,914080533068,914082934403,19999376,sA-eth3,up,914082757840,netem,29434674,20827,0,0,0,15140,1,19108382,3540,0,28295078,3559,0
256,914100527284,914102365808,19994216,sA-eth3,up,914102197856,netem,29669344,20982,0,0,0,30280,2,19109570,3557,0,28520574,3575,0
257,914120532169,914122496106,20004885,sA-eth3,up,914122270873,netem,29926724,21152,0,0,0,30280,2,19110692,3574,0,28767988,3594,0
258,914140530884,914142672545,19998715,sA-eth3,up,914142505312,netem,30173506,21315,0,0,0,40878,3,19111946,3593,0,29015402,3613,0
259,914160529180,914162318674,19998296,sA-eth3,up,914162153490,netem,30418774,21477,0,0,0,27252,2,19113134,3611,0,29252614,3631,0
260,914180531247,914182311029,20002067,sA-eth3,up,914182138126,netem,30661014,21637,0,0,0,42392,3,19114322,3629,0,29491274,3649,0
261,914200534652,914202826876,20003405,sA-eth3,up,914202643702,netem,30794760,21726,0,0,0,0,0,19114982,3639,0,29602364,3658,0
262,914220530998,914222595006,19996346,sA-eth3,up,914222423373,netem,30794760,21726,0,0,0,0,0,19114982,3639,0,29602364,3658,0
263,914240531923,914242922828,20000925,sA-eth3,up,914242750135,netem,30794760,21726,0,0,0,0,0,19114982,3639,0,29602364,3658,0
264,914260530849,914262501367,19998926,sA-eth3,up,914262332194,netem,30794760,21726,0,0,0,0,0,19114982,3639,0,29602364,3658,0
265,914280542795,914282903969,20011946,sA-eth3,up,914282689555,netem,30794760,21726,0,0,0,0,0,19114982,3639,0,29602364,3658,0
266,914300547011,914302658381,20004216,sA-eth3,up,914302422796,netem,30794830,21727,0,0,0,0,0,19114982,3639,0,29602434,3659,0
267,914320550737,914323119735,20003726,sA-eth3,up,914322847510,netem,30794830,21727,0,0,0,0,0,19114982,3639,0,29602434,3659,0
268,914340544472,914342580131,19993735,sA-eth3,up,914342375317,netem,30794830,21727,0,0,0,0,0,19114982,3639,0,29602434,3659,0
269,914360535829,914362647078,19991357,sA-eth3,up,914362464944,netem,30794830,21727,0,0,0,0,0,19114982,3639,0,29602434,3659,0
270,914380530444,914382709064,19994615,sA-eth3,up,914382513291,netem,30870620,21778,0,0,0,25738,2,19115312,3644,0,29675254,3666,0
271,914400545910,914402597298,20015466,sA-eth3,up,914402387375,netem,31112860,21938,0,0,0,30280,2,19116434,3662,0,29908122,3683,0
272,914420529785,914422426681,19983875,sA-eth3,up,914422225517,netem,31355100,22098,0,0,0,30280,2,19117688,3680,0,30155536,3702,0
273,914440531131,914442412546,20001346,sA-eth3,up,914442236633,netem,31604910,22263,0,0,0,37850,3,19118810,3697,0,30395644,3720,0
274,914460531397,914462436183,20000266,sA-eth3,up,914462256910,netem,31862290,22433,0,0,0,30280,2,19119932,3714,0,30628512,3738,0
275,914480533403,914482488509,20002006,sA-eth3,up,914482309357,netem,32119670,22603,0,0,0,15140,1,19121120,3732,0,30875926,3757,0
276,914500528608,914502473175,19995205,sA-eth3,up,914502298202,netem,32366522,22767,0,0,0,25738,2,19122242,3749,0,31113208,3776,0
277,914520530394,914522452871,20001786,sA-eth3,up,914522242096,netem,32617846,22933,0,0,0,27252,2,19123430,3767,0,31354764,3794,0
278,914540531279,914542472556,20000885,sA-eth3,up,914542270333,netem,32854030,23089,0,0,0,42392,3,19124684,3786,0,31599282,3813,0
279,914560533196,914562781838,20001917,sA-eth3,up,914562598564,netem,32987776,23178,0,0,0,0,0,19125278,3795,0,31710372,3822,0
280,914580529511,914582400577,19996315,sA-eth3,up,914582228204,netem,32987776,23178,0,0,0,0,0,19125278,3795,0,31710372,3822,0
281,914600534537,914602364861,20005026,sA-eth3,up,914602161547,netem,32987776,23178,0,0,0,0,0,19125278,3795,0,31710372,3822,0
282,914620540812,914622982009,20006275,sA-eth3,up,914622746324,netem,32987776,23178,0,0,0,0,0,19125278,3795,0,31710372,3822,0
283,914640543628,914642624008,20002816,sA-eth3,up,914642411983,netem,32987776,23178,0,0,0,0,0,19125278,3795,0,31710372,3822,0
284,914660534204,914662522771,19990576,sA-eth3,up,914662341798,netem,32987776,23178,0,0,0,0,0,19125278,3795,0,31710372,3822,0
285,914680536540,914682548247,20002336,sA-eth3,up,914682361084,netem,32987776,23178,0,0,0,0,0,19125278,3795,0,31710372,3822,0
286,914700534485,914702586604,19997945,sA-eth3,up,914702380320,netem,32987776,23178,0,0,0,0,0,19125278,3795,0,31710372,3822,0
287,914720539321,914722661521,20004836,sA-eth3,up,914722419877,netem,32987776,23178,0,0,0,0,0,19125278,3795,0,31710372,3822,0
288,914740528636,914742823110,19989315,sA-eth3,up,914742605447,netem,33018146,23199,0,0,0,15140,1,19125410,3797,0,31739554,3825,0
289,914760529933,914762374947,20001297,sA-eth3,up,914762204494,netem,33252816,23354,0,0,0,37850,3,19126532,3814,0,31979662,3843,0
290,914780528289,914782353382,19998356,sA-eth3,up,914782182859,netem,33510196,23524,0,0,0,30280,2,19127720,3832,0,32212530,3861,0
291,914800542064,914802646044,20013775,sA-eth3,up,914802464971,netem,33752436,23684,0,0,0,30280,2,19128974,3851,0,32459944,3880,0
292,914820511099,914822600399,19969035,sA-eth3,up,914822376385,netem,34002246,23849,0,0,0,37850,3,19130162,3869,0,32700052,3898,0
293,914840538155,914842482662,20027056,sA-eth3,up,914842291969,netem,34259626,24019,0,0,0,30280,2,19131350,3887,0,32932920,3916,0
294,914860530812,914862436367,19992657,sA-eth3,up,914862265344,netem,34501866,24179,0,0,0,45420,3,19132604,3906,0,33180334,3935,0
295,914880535707,914882535485,20004895,sA-eth3,up,914882351141,netem,34763788,24352,0,0,0,25738,2,19133792,3924,0,33417546,3953,0
296,914900536193,914902533610,20000486,sA-eth3,up,914902351567,netem,35009056,24514,0,0,0,27252,2,19134980,3942,0,33653310,3971,0
297,914920501618,914923054357,19965425,sA-eth3,up,914922819141,netem,35180652,24628,0,0,0,0,0,19135904,3956,0,33818240,3984,0
298,914940532104,914942707336,20030486,sA-eth3,up,914942526742,netem,35180652,24628,0,0,0,0,0,19135904,3956,0,33818240,3984,0
299,914960538871,914962814563,20006767,sA-eth3,up,914962633540,netem,35180652,24628,0,0,0,0,0,19135904,3956,0,33818240,3984,0
300,914980533976,914982620285,19995105,sA-eth3,up,914982419011,netem,35180652,24628,0,0,0,0,0,19135904,3956,0,33818240,3984,0
301,915000528972,915002540129,19994996,sA-eth3,up,915002367746,netem,35180652,24628,0,0,0,0,0,19135904,3956,0,33818240,3984,0
302,915020528607,915022582335,19999635,sA-eth3,up,915022378362,netem,35180652,24628,0,0,0,0,0,19135904,3956,0,33818240,3984,0
303,915040528333,915042613293,19999726,sA-eth3,up,915042433849,netem,35180652,24628,0,0,0,0,0,19135904,3956,0,33818240,3984,0
304,915060553140,915062676229,20024807,sA-eth3,up,915062474445,netem,35180652,24628,0,0,0,0,0,19135904,3956,0,33818240,3984,0
305,915080531205,915082677485,19978065,sA-eth3,up,915082485132,netem,35180652,24628,0,0,0,0,0,19135904,3956,0,33818240,3984,0
306,915100540780,915102807823,20009575,sA-eth3,up,915102599709,netem,35195882,24639,0,0,0,30280,2,19135970,3957,0,33832876,3986,0
307,915120528406,915122828639,19987626,sA-eth3,up,915122638326,netem,35450234,24807,0,0,0,34822,3,19137026,3973,0,34077328,4004,0
308,915140533981,915142500218,20005575,sA-eth3,up,915142306655,netem,35689446,24965,0,0,0,49962,3,19138148,3990,0,34307234,4021,0
309,915160532788,915162476515,19998807,sA-eth3,up,915162244470,netem,35945312,25134,0,0,0,49962,3,19139138,4005,0,34553134,4039,0
310,915180539653,915182396949,20006865,sA-eth3,up,915182217835,netem,36196636,25300,0,0,0,51476,4,19140260,4022,0,34794624,4056,0
311,915200537700,915202458166,19998047,sA-eth3,up,915202254592,netem,36440390,25461,0,0,0,65102,5,19141448,4040,0,35040590,4075,0
312,915220539005,915222486892,20001305,sA-eth3,up,915222272758,netem,36694742,25629,0,0,0,57532,4,19142702,4059,0,35273458,4093,0
313,915240538091,915242751763,19999086,sA-eth3,up,915242539199,netem,36944552,25794,0,0,0,65102,5,19143890,4077,0,35513566,4111,0
314,915260544348,915262506135,20006257,sA-eth3,up,915262328201,netem,37186792,25954,0,0,0,65102,5,19145144,4096,0,35760980,4130,0
315,915280552763,915283134472,20008415,sA-eth3,up,915282858626,netem,37373528,26078,0,0,0,0,0,19146068,4110,0,35925976,4144,0
316,915300534570,915303138888,19981807,sA-eth3,up,915302894894,netem,37373528,26078,0,0,0,0,0,19146068,4110,0,35925976,4144,0
317,915320541275,915322665965,20006705,sA-eth3,up,915322485862,netem,37373528,26078,0,0,0,0,0,19146068,4110,0,35925976,4144,0
318,915340526411,915342496218,19985136,sA-eth3,up,915342292684,netem,37373528,26078,0,0,0,0,0,19146068,4110,0,35925976,4144,0
319,915360536357,915362477083,20009946,sA-eth3,up,915362299120,netem,37373528,26078,0,0,0,0,0,19146068,4110,0,35925976,4144,0
320,915380531643,915382481280,19995286,sA-eth3,up,915382301996,netem,37373528,26078,0,0,0,0,0,19146068,4110,0,35925976,4144,0
321,915400537818,915402538636,20006175,sA-eth3,up,915402358213,netem,37373528,26078,0,0,0,0,0,19146068,4110,0,35925976,4144,0
322,915420541705,915422439830,20003887,sA-eth3,up,915422258137,netem,37373528,26078,0,0,0,0,0,19146068,4110,0,35925976,4144,0
323,915440547171,915442409705,20005466,sA-eth3,up,915442225633,netem,37373528,26078,0,0,0,0,0,19146068,4110,0,35925976,4144,0
324,915460551147,915463219617,20003976,sA-eth3,up,915462986602,netem,37373618,26079,0,0,0,30280,2,19146134,4111,0,35940612,4146,0
325,915480527643,915482735204,19976496,sA-eth3,up,915482563061,netem,37623428,26244,0,0,0,30280,2,19147190,4127,0,36166174,4163,0
326,915500536278,915502417833,20008635,sA-eth3,up,915502246080,netem,37865668,26404,0,0,0,30280,2,19148378,4145,0,36413588,4182,0
327,915520523604,915522337848,19987326,sA-eth3,up,915522173945,netem,38115478,26569,0,0,0,37850,3,19149570,4163,0,36639150,4199,0
328,915540527510,915542369075,20003906,sA-eth3,up,915542208032,netem,38372858,26739,0,0,0,30280,2,19150758,4181,0,36886564,4218,0
329,915560532325,915562484822,20004815,sA-eth3,up,915562312749,netem,38615098,26899,0,0,0,30280,2,19151946,4199,0,37133978,4237,0
330,915580539392,915582855255,20007067,sA-eth3,up,915582685932,netem,38867936,27066,0,0,0,49962,4,19153134,4217,0,37376982,4255,0
331,915600529568,915603080216,19990176,sA-eth3,up,915602887902,netem,39122288,27234,0,0,0,37850,3,19154388,4236,0,37618604,4274,0
332,915620524813,915622828907,19995245,sA-eth3,up,915622649133,netem,39364528,27394,0,0,0,42392,3,19155576,4254,0,37857264,4292,0
333,915640526450,915642924065,20001637,sA-eth3,up,915642713441,netem,39566404,27528,0,0,0,0,0,19156566,4269,0,38033844,4306,0
334,915660540296,915662432401,20013846,sA-eth3,up,915662234168,netem,39566404,27528,0,0,0,0,0,19156566,4269,0,38033844,4306,0
335,915680527672,915682370866,19987376,sA-eth3,up,915682196772,netem,39566404,27528,0,0,0,0,0,19156566,4269,0,38033844,4306,0
336,915700527417,915702980003,19999745,sA-eth3,up,915702798451,netem,39566404,27528,0,0,0,0,0,19156566,4269,0,38033844,4306,0
337,915720530733,915722520521,20003316,sA-eth3,up,915722349868,netem,39566404,27528,0,0,0,0,0,19156566,4269,0,38033844,4306,0
338,915740529869,915742364083,19999136,sA-eth3,up,915742195970,netem,39566404,27528,0,0,0,0,0,19156566,4269,0,38033844,4306,0
339,915760549175,915762854038,20019306,sA-eth3,up,915762666495,netem,39566404,27528,0,0,0,0,0,19156566,4269,0,38033844,4306,0
340,915780530421,915782424617,19981246,sA-eth3,up,915782249204,netem,39566404,27528,0,0,0,0,0,19156566,4269,0,38033844,4306,0
341,915800540307,915802429982,20009886,sA-eth3,up,915802246409,netem,39566404,27528,0,0,0,0,0,19156566,4269,0,38033844,4306,0
342,915820539692,915822445879,19999385,sA-eth3,up,915822270166,netem,39566404,27528,0,0,0,0,0,19156566,4269,0,38033844,4306,0
343,915840534109,915842843243,19994417,sA-eth3,up,915842610838,netem,39763314,27659,0,0,0,37850,3,19157490,4283,0,38237644,4322,0
344,915860518385,915862370879,19984276,sA-eth3,up,915862191506,netem,40014638,27825,0,0,0,27252,2,19158546,4299,0,38464654,4339,0
345,915880596141,915882616500,20077756,sA-eth3,up,915882384335,netem,40262934,27989,0,0,0,36336,2,19159668,4317,0,38703380,4358,0
346,915900545217,915902413942,19949076,sA-eth3,up,915902236199,netem,40512744,28154,0,0,0,22710,2,19160856,4334,0,38943488,4376,0
347,915920545682,915922387077,20000465,sA-eth3,up,915922209364,netem,40754984,28314,0,0,0,45420,3,19162044,4352,0,39190902,4395,0
348,915940534449,915942324633,19988767,sA-eth3,up,915942156309,netem,41012364,28484,0,0,0,30280,2,19163232,4370,0,39423770,4413,0
349,915960532994,915962351908,19998545,sA-eth3,up,915962180925,netem,41262174,28649,0,0,0,37850,3,19164420,4388,0,39663878,4431,0
350,915980545301,915982405305,20012307,sA-eth3,up,915982228312,netem,41504414,28809,0,0,0,30280,2,19165674,4407,0,39911292,4450,0
351,916000531687,916002361860,19986386,sA-eth3,up,916002192347,netem,41759280,28978,0,0,0,0,0,19166862,4425,0,40141712,4468,0
352,916020534822,916022496449,20003135,sA-eth3,up,916022324586,netem,41759280,28978,0,0,0,0,0,19166928,4426,0,40141712,4468,0
353,916040525598,916042778161,19990776,sA-eth3,up,916042611247,netem,41759280,28978,0,0,0,0,0,19166928,4426,0,40141712,4468,0
354,916060545794,916062973090,20020196,sA-eth3,up,916062778206,netem,41759280,28978,0,0,0,0,0,19166928,4426,0,40141712,4468,0
355,916080559471,916082802342,20013677,sA-eth3,up,916082632790,netem,41759280,28978,0,0,0,0,0,19166928,4426,0,40141712,4468,0
356,916100530056,916102472342,19970585,sA-eth3,up,916102309410,netem,41759280,28978,0,0,0,0,0,19166928,4426,0,40141712,4468,0
357,916120531961,916122470658,20001905,sA-eth3,up,916122294565,netem,41759280,28978,0,0,0,0,0,19166928,4426,0,40141712,4468,0
358,916140534398,916142502965,20002437,sA-eth3,up,916142327912,netem,41759280,28978,0,0,0,0,0,19166928,4426,0,40141712,4468,0
359,916160541494,916162473070,20007096,sA-eth3,up,916162294667,netem,41759280,28978,0,0,0,0,0,19166928,4426,0,40141712,4468,0
360,916180527120,916182442626,19985626,sA-eth3,up,916182269193,netem,41759280,28978,0,0,0,0,0,19166928,4426,0,40141712,4468,0
361,916200517795,916203433110,19990675,sA-eth3,up,916203209817,netem,41941050,29099,0,0,0,30280,2,19167786,4439,0,40330966,4483,0
362,916220532132,916223262533,20014337,sA-eth3,up,916222982127,netem,42183290,29259,0,0,0,30280,2,19168974,4457,0,40563834,4501,0
363,916240545778,916242966964,20013646,sA-eth3,up,916242774701,netem,42442184,29430,0,0,0,25738,3,19170096,4474,0,40798084,4518,0
364,916260529744,916262444860,19983966,sA-eth3,up,916262273447,netem,42675340,29584,0,0,0,36336,2,19171284,4492,0,41039706,4537,0
365,916280532160,916282844494,20002416,sA-eth3,up,916282666700,netem,42932720,29754,0,0,0,30280,2,19172472,4510,0,41284158,4555,0
366,916300560087,916302622796,20027927,sA-eth3,up,916302383772,netem,43182530,29919,0,0,0,37850,3,19173594,4528,0,41509720,4572,0
367,916320543103,916322549780,19983016,sA-eth3,up,916322363117,netem,43439910,30089,0,0,0,30280,2,19174782,4545,0,41757134,4591,0
368,916340539068,916342501685,19995965,sA-eth3,up,916342324952,netem,43682150,30249,0,0,0,30280,2,19175970,4563,0,41990002,4609,0
369,916360537735,916362400600,19998667,sA-eth3,up,916362229587,netem,43931960,30414,0,0,0,20196,2,19177158,4581,0,42230110,4627,0
370,916380539031,916382926905,20001296,sA-eth3,up,916382743702,netem,43952156,30428,0,0,0,0,0,19177356,4584,0,42249514,4629,0
371,916400536347,916403080855,19997316,sA-eth3,up,916402830280,netem,43952156,30428,0,0,0,0,0,19177356,4584,0,42249514,4629,0
372,916420553114,916422887407,20016767,sA-eth3,up,916422608192,netem,43952156,30428,0,0,0,0,0,19177356,4584,0,42249514,4629,0
373,916440540149,916442700170,19987035,sA-eth3,up,916442510846,netem,43952156,30428,0,0,0,0,0,19177356,4584,0,42249514,4629,0
374,916460535395,916462410500,19995246,sA-eth3,up,916462244917,netem,43952156,30428,0,0,0,0,0,19177356,4584,0,42249514,4629,0
375,916480537261,916482408917,20001866,sA-eth3,up,916482237543,netem,43952156,30428,0,0,0,0,0,19177356,4584,0,42249514,4629,0
376,916500535948,916502386302,19998687,sA-eth3,up,916502211599,netem,43952156,30428,0,0,0,0,0,19177356,4584,0,42249514,4629,0
377,916520525133,916522341427,19989185,sA-eth3,up,916522180084,netem,43952156,30428,0,0,0,0,0,19177356,4584,0,42249514,4629,0
378,916540551720,916542427925,20026587,sA-eth3,up,916542252022,netem,43952156,30428,0,0,0,0,0,19177356,4584,0,42249514,4629,0
379,916560532825,916562814379,19981105,sA-eth3,up,916562635425,netem,44133926,30549,0,0,0,24224,2,19178082,4595,0,42424156,4642,0
380,916580528092,916582541059,19995267,sA-eth3,up,916582374066,netem,44376166,30709,0,0,0,36336,2,19179270,4613,0,42657024,4660,0
381,916600534208,916602484604,20006116,sA-eth3,up,916602317711,netem,44625976,30874,0,0,0,40878,3,19180458,4631,0,42897132,4678,0
382,916620526224,916622386539,19992016,sA-eth3,up,916622218266,netem,44868216,31034,0,0,0,30280,2,19181712,4650,0,43144546,4697,0
383,916640535429,916642402915,20009205,sA-eth3,up,916642229872,netem,45125596,31204,0,0,0,30280,2,19182900,4668,0,43377414,4715,0
384,916660542096,916662468193,20006667,sA-eth3,up,916662295869,netem,45375406,31369,0,0,0,22710,2,19184022,4685,0,43617522,4733,0
385,916680525182,916682684373,19983086,sA-eth3,up,916682519030,netem,45632786,31539,0,0,0,30280,2,19185276,4704,0,43864936,4752,0
386,916700537938,916702438175,20012756,sA-eth3,up,916702262730,netem,45875026,31699,0,0,0,30280,2,19186464,4722,0,44097804,4770,0
387,916720532404,916722373608,19994466,sA-eth3,up,916722207465,netem,46124836,31864,0,0,0,20196,2,19187652,4740,0,44337912,4788,0
388,916740535140,916742860125,20002736,sA-eth3,up,916742677081,netem,46145032,31878,0,0,0,0,0,19187850,4743,0,44357316,4790,0
389,916760529257,916762890080,19994117,sA-eth3,up,916762723797,netem,46145032,31878,0,0,0,0,0,19187850,4743,0,44357316,4790,0
390,916780526892,916782437818,19997635,sA-eth3,up,916782266575,netem,46145032,31878,0,0,0,0,0,19187850,4743,0,44357316,4790,0
391,916800532729,916802469795,20005837,sA-eth3,up,916802294512,netem,46145032,31878,0,0,0,0,0,19187850,4743,0,44357316,4790,0
392,916820530294,916822443381,19997565,sA-eth3,up,916822273188,netem,46145032,31878,0,0,0,0,0,19187850,4743,0,44357316,4790,0
393,916840531781,916842397476,20001487,sA-eth3,up,916842235043,netem,46145032,31878,0,0,0,0,0,19187850,4743,0,44357316,4790,0
394,916860532707,916862437663,20000926,sA-eth3,up,916862269410,netem,46145032,31878,0,0,0,0,0,19187850,4743,0,44357316,4790,0
395,916880527903,916882382818,19995196,sA-eth3,up,916882211875,netem,46145032,31878,0,0,0,0,0,19187850,4743,0,44357316,4790,0
396,916900534739,916902897133,20006836,sA-eth3,up,916902722040,netem,46145032,31878,0,0,0,0,0,19187850,4743,0,44357316,4790,0
397,916920539785,916922831608,20005046,sA-eth3,up,916922650615,netem,46264728,31958,0,0,0,46934,4,19188444,4752,0,44472326,4799,0
398,916940526861,916942392977,19987076,sA-eth3,up,916942189612,netem,46519080,32126,0,0,0,30280,2,19189566,4769,0,44716844,4818,0
399,916960528507,916962386782,20001646,sA-eth3,up,916962210879,netem,46768890,32291,0,0,0,34822,3,19190754,4787,0,44961362,4837,0
400,916980531594,916983049841,20003087,sA-eth3,up,916982749485,netem,47023242,32459,0,0,0,40878,3,19192008,4806,0,45201470,4855,0
401,917000551830,917002678730,20020236,sA-eth3,up,917002495977,netem,47265482,32619,0,0,0,30280,2,19193196,4825,0,45434338,4873,0
402,917020542375,917022361450,19990545,sA-eth3,up,917022192727,netem,47515292,32784,0,0,0,22710,2,19194252,4840,0,45681752,4892,0
403,917040532012,917042376386,19989637,sA-eth3,up,917042200683,netem,47757532,32944,0,0,0,37850,3,19195506,4859,0,45921860,4910,0
404,917060533178,917062906292,20001166,sA-eth3,up,917062711039,netem,48014912,33114,0,0,0,45420,3,19196694,4877,0,46169274,4929,0
405,917080544444,917082618463,20011266,sA-eth3,up,917082436099,netem,48272292,33284,0,0,0,30280,2,19197882,4895,0,46402142,4947,0
406,917100541510,917102592978,19997066,sA-eth3,up,917102402755,netem,48337908,33328,0,0,0,0,0,19198278,4901,0,46465184,4952,0
407,917120530116,917122488853,19988606,sA-eth3,up,917122253398,netem,48337908,33328,0,0,0,0,0,19198278,4901,0,46465184,4952,0
408,917140531352,917142430978,20001236,sA-eth3,up,917142252915,netem,48337908,33328,0,0,0,0,0,19198278,4901,0,46465184,4952,0
409,917160533339,917162574237,20001987,sA-eth3,up,917162315472,netem,48337908,33328,0,0,0,0,0,19198278,4901,0,46465184,4952,0
410,917180529455,917183058173,19996116,sA-eth3,up,917182738536,netem,48337908,33328,0,0,0,0,0,19198278,4901,0,46465184,4952,0
411,917200542231,917202421747,20012776,sA-eth3,up,917202251103,netem,48337908,33328,0,0,0,0,0,19198278,4901,0,46465184,4952,0
412,917220542078,917222467064,19999847,sA-eth3,up,917222277970,netem,48337908,33328,0,0,0,0,0,19198278,4901,0,46465184,4952,0
413,917240534134,917242676574,19992056,sA-eth3,up,917242497921,netem,48337908,33328,0,0,0,0,0,19198278,4901,0,46465184,4952,0
414,917260542720,917262406435,20008586,sA-eth3,up,917262218932,netem,48337908,33328,0,0,0,0,0,19198278,4901,0,46465184,4952,0
415,917280525887,917282778468,19983167,sA-eth3,up,917282603035,netem,48439436,33396,0,0,0,30280,2,19198674,4907,0,46562752,4960,0
416,917300528132,917302413597,20002245,sA-eth3,up,917302212364,netem,48686218,33559,0,0,0,25738,2,19199862,4925,0,46807270,4979,0
417,917320537799,917322426024,20009667,sA-eth3,up,917322246250,netem,48928458,33719,0,0,0,30280,2,19201050,4943,0,47047378,4997,0
418,917340540345,917342453221,20002546,sA-eth3,up,917342250377,netem,49185838,33889,0,0,0,30280,2,19202172,4960,0,47280180,5014,0
419,917360526632,917362416007,19986287,sA-eth3,up,917362215312,netem,49435648,34054,0,0,0,22710,2,19203228,4976,0,47527594,5033,0
420,917380529197,917382382462,20002565,sA-eth3,up,917382209449,netem,49677888,34214,0,0,0,30280,2,19204416,4994,0,47767702,5051,0
421,917400527254,917403062432,19998057,sA-eth3,up,917402843037,netem,49935268,34384,0,0,0,45420,3,19205670,5013,0,48015116,5070,0
422,917420532600,917422898785,20005346,sA-eth3,up,917422722231,netem,50192648,34554,0,0,0,30280,2,19206858,5031,0,48247984,5088,0
423,917440493056,917442473472,19960456,sA-eth3,up,917442302160,netem,50439430,34717,0,0,0,25738,2,19208046,5049,0,48485196,5106,0
424,917460511292,917462853116,20018236,sA-eth3,up,917462672802,netem,50530784,34778,0,0,0,0,0,19208574,5057,0,48572986,5113,0
425,917480559839,917482817292,20048547,sA-eth3,up,917482643959,netem,50530784,34778,0,0,0,0,0,19208574,5057,0,48572986,5113,0
426,917500546016,917502878579,19986177,sA-eth3,up,917502660365,netem,50530784,34778,0,0,0,0,0,19208574,5057,0,48572986,5113,0
427,917520529851,917522593351,19983835,sA-eth3,up,917522375576,netem,50530784,34778,0,0,0,0,0,19208574,5057,0,48572986,5113,0
428,917540488537,917542374542,19958686,sA-eth3,up,917542147568,netem,50530784,34778,0,0,0,0,0,19208574,5057,0,48572986,5113,0
429,917560530504,917562962879,20041967,sA-eth3,up,917562725295,netem,50530784,34778,0,0,0,0,0,19208574,5057,0,48572986,5113,0
430,917580533140,917582531787,20002636,sA-eth3,up,917582350235,netem,50530784,34778,0,0,0,0,0,19208574,5057,0,48572986,5113,0
431,917600528366,917602435023,19995226,sA-eth3,up,917602267050,netem,50530784,34778,0,0,0,0,0,19208574,5057,0,48572986,5113,0
432,917620541542,917622495619,20013176,sA-eth3,up,917622286846,netem,50530784,34778,0,0,0,0,0,19208574,5057,0,48572986,5113,0
433,917640533079,917642417824,19991537,sA-eth3,up,917642215201,netem,50614144,34834,0,0,0,34822,2,19208970,5063,0,48667658,5121,0
434,917660539126,917662454431,20006047,sA-eth3,up,917662236838,netem,50879094,35009,0,0,0,22710,2,19210092,5080,0,48907766,5139,0
435,917680480631,917682955547,19941505,sA-eth3,up,917682771264,netem,51121334,35169,0,0,0,30280,2,19211280,5098,0,49155180,5158,0
436,917700533128,917702560416,20052497,sA-eth3,up,917702343191,netem,51378714,35339,0,0,0,30280,2,19212402,5115,0,49387982,5175,0
437,917720536104,917722468291,20002976,sA-eth3,up,917722300318,netem,51613384,35494,0,0,0,37850,3,19213524,5132,0,49628090,5193,0
438,917740539901,917742538768,20003797,sA-eth3,up,917742359615,netem,51870764,35664,0,0,0,30280,2,19214514,5147,0,49860958,5211,0
439,917760549877,917763023393,20009976,sA-eth3,up,917762802539,netem,52128144,35834,0,0,0,30280,2,19215768,5166,0,50108372,5230,0
440,917780530053,917782696893,19980176,sA-eth3,up,917782530950,netem,52374926,35997,0,0,0,25738,2,19216956,5184,0,50345584,5249,0
441,917800530469,917802834953,20000416,sA-eth3,up,917802635088,netem,52620194,36159,0,0,0,37850,3,19218210,5203,0,50592998,5267,0
442,917820533275,917823236636,20002806,sA-eth3,up,917822957861,netem,52723660,36228,0,0,0,0,0,19218738,5211,0,50680788,5274,0
443,917840543561,917842987518,20010286,sA-eth3,up,917842777324,netem,52723660,36228,0,0,0,0,0,19218738,5211,0,50680788,5274,0
444,917860530578,917862768400,19987017,sA-eth3,up,917862580877,netem,52723660,36228,0,0,0,0,0,19218738,5211,0,50680788,5274,0
445,917880532415,917882686535,20001837,sA-eth3,up,917882487491,netem,52723660,36228,0,0,0,0,0,19218738,5211,0,50680788,5274,0
446,917900534410,917902619110,20001995,sA-eth3,up,917902425196,netem,52723660,36228,0,0,0,0,0,19218738,5211,0,50680788,5274,0
447,917920536977,917922615757,20002567,sA-eth3,up,917922426282,netem,52723660,36228,0,0,0,0,0,19218738,5211,0,50680788,5274,0
448,917940529193,917942850156,19992216,sA-eth3,up,917942667433,netem,52723660,36228,0,0,0,0,0,19218738,5211,0,50680788,5274,0
449,917960534059,917962380124,20004866,sA-eth3,up,917962204290,netem,52723660,36228,0,0,0,0,0,19218738,5211,0,50680788,5274,0
450,917980534435,917982899590,20000376,sA-eth3,up,917982716036,netem,52723660,36228,0,0,0,0,0,19218738,5211,0,50680788,5274,0
451,918000543352,918002953287,20008917,sA-eth3,up,918002747584,netem,52754030,36249,0,0,0,30280,2,19218936,5214,0,50709970,5278,0
452,918020531088,918022566317,19987736,sA-eth3,up,918022379812,netem,53003840,36414,0,0,0,37850,3,19219992,5230,0,50957384,5296,0
453,918040531265,918042509862,20000177,sA-eth3,up,918042321379,netem,53246080,36574,0,0,0,37850,3,19221246,5249,0,51197492,5314,0
454,918060528660,918063064358,19997395,sA-eth3,up,918062834564,netem,53503460,36744,0,0,0,30280,2,19222434,5267,0,51444906,5333,0
455,918080539857,918082858920,20011197,sA-eth3,up,918082658237,netem,53760840,36914,0,0,0,30280,2,19223622,5285,0,51677774,5351,0
456,918100531464,918102413699,19991607,sA-eth3,up,918102236445,netem,53995510,37069,0,0,0,37850,3,19224810,5303,0,51917882,5369,0
457,918120531089,918122417356,19999625,sA-eth3,up,918122242542,netem,54252890,37239,0,0,0,30280,2,19225998,5321,0,52150750,5387,0
458,918140529445,918142464542,19998356,sA-eth3,up,918142248338,netem,54499672,37402,0,0,0,40878,3,19227186,5339,0,52398164,5406,0
459,918160536672,918162521600,20007227,sA-eth3,up,918162312516,netem,54757052,37572,0,0,0,25738,2,19228440,5358,0,52635376,5424,0
460,918180530009,918182498035,19993337,sA-eth3,up,918182319742,netem,54916536,37678,0,0,0,0,0,19229298,5371,0,52788656,5436,0
461,918200526725,918202395610,19996716,sA-eth3,up,918202221157,netem,54916536,37678,0,0,0,0,0,19229298,5371,0,52788656,5436,0
462,918220527541,918222437217,20000816,sA-eth3,up,918222265284,netem,54916536,37678,0,0,0,0,0,19229298,5371,0,52788656,5436,0
463,918240547018,918242622617,20019477,sA-eth3,up,918242354802,netem,54916536,37678,0,0,0,0,0,19229298,5371,0,52788656,5436,0
464,918260554575,918262932069,20007557,sA-eth3,up,918262756216,netem,54916536,37678,0,0,0,0,0,19229298,5371,0,52788656,5436,0
465,918280535951,918282474897,19981376,sA-eth3,up,918282295513,netem,54916536,37678,0,0,0,0,0,19229298,5371,0,52788656,5436,0
466,918300530376,918302420273,19994425,sA-eth3,up,918302248890,netem,54916536,37678,0,0,0,0,0,19229298,5371,0,52788656,5436,0
467,918320536713,918322446160,20006337,sA-eth3,up,918322269407,netem,54916536,37678,0,0,0,0,0,19229298,5371,0,52788656,5436,0
468,918340541000,918342423076,20004287,sA-eth3,up,918342255723,netem,54916536,37678,0,0,0,0,0,19229298,5371,0,52788656,5436,0
469,918360524976,918362847629,19983976,sA-eth3,up,918362665866,netem,54931766,37689,0,0,0,30280,2,19229430,5373,0,52803292,5439,0
470,918380540603,918382828886,20015627,sA-eth3,up,918382612823,netem,55181576,37854,0,0,0,37850,3,19230552,5390,0,53043400,5456,0
471,918400537910,918402840043,19997307,sA-eth3,up,918402657739,netem,55438956,38024,0,0,0,30280,2,19231740,5408,0,53290814,5475,0
472,918420535436,918422467543,19997526,sA-eth3,up,918422295890,netem,55681196,38184,0,0,0,30280,2,19232928,5426,0,53523682,5493,0
473,918440542122,918442527380,20006686,sA-eth3,up,918442309666,netem,55931006,38349,0,0,0,37850,3,19234050,5443,0,53763790,5511,0
474,918460546139,918462911984,20004017,sA-eth3,up,918462693489,netem,56188386,38519,0,0,0,30280,2,19235304,5462,0,54011204,5530,0
475,918480561786,918483090484,20015647,sA-eth3,up,918482820549,netem,56430626,38679,0,0,0,30280,2,19236558,5481,0,54258618,5549,0
476,918500546982,918502717022,19985196,sA-eth3,up,918502472648,netem,56671352,38838,0,0,0,43906,4,19237680,5498,0,54492868,5566,0
477,918520545849,918522653868,19998867,sA-eth3,up,918522466245,netem,56922676,39004,0,0,0,52990,3,19238868,5516,0,54734490,5585,0
478,918540546455,918542847069,20000606,sA-eth3,up,918542609654,netem,57109412,39128,0,0,0,0,0,19239726,5529,0,54896524,5598,0
479,918560556292,918562585289,20009837,sA-eth3,up,918562349815,netem,57109412,39128,0,0,0,0,0,19239726,5529,0,54896524,5598,0
480,918580563949,918582695688,20007657,sA-eth3,up,918582412832,netem,57109412,39128,0,0,0,0,0,19239726,5529,0,54896524,5598,0
481,918600549894,918602617493,19985945,sA-eth3,up,918602380349,netem,57109412,39128,0,0,0,0,0,19239726,5529,0,54896524,5598,0
482,918620556480,918623158980,20006586,sA-eth3,up,918622872195,netem,57109412,39128,0,0,0,0,0,19239726,5529,0,54896524,5598,0
483,918640548807,918642865911,19992327,sA-eth3,up,918642675547,netem,57109412,39128,0,0,0,0,0,19239726,5529,0,54896524,5598,0
484,918660540543,918662454539,19991736,sA-eth3,up,918662271116,netem,57109412,39128,0,0,0,0,0,19239726,5529,0,54896524,5598,0
485,918680554780,918682559238,20014237,sA-eth3,up,918682345094,netem,57109412,39128,0,0,0,0,0,19239726,5529,0,54896524,5598,0
486,918700559026,918702580815,20004246,sA-eth3,up,918702343500,netem,57109412,39128,0,0,0,0,0,19239726,5529,0,54896524,5598,0
487,918720544953,918722940968,19985927,sA-eth3,up,918722747044,netem,57109502,39129,0,0,0,30280,2,19239792,5530,0,54911160,5600,0
488,918740540929,918742926334,19995976,sA-eth3,up,918742747781,netem,57359312,39294,0,0,0,37850,3,19240914,5547,0,55151268,5618,0
489,918760536865,918762643445,19995936,sA-eth3,up,918762454911,netem,57616692,39464,0,0,0,30280,2,19242102,5565,0,55384136,5636,0
490,918780532651,918782428058,19995786,sA-eth3,up,918782240243,netem,57851362,39619,0,0,0,37850,3,19243290,5583,0,55624244,5654,0
491,918800526588,918802466825,19993937,sA-eth3,up,918802285221,netem,58108742,39789,0,0,0,30280,2,19244412,5600,0,55857112,5672,0
492,918820528335,918822460961,20001747,sA-eth3,up,918822292068,netem,58366122,39959,0,0,0,30280,2,19245666,5619,0,56104526,5691,0
493,918840535581,918842519698,20007246,sA-eth3,up,918842342095,netem,58612904,40122,0,0,0,25738,2,19246854,5637,0,56341738,5709,0
494,918860533437,918862531355,19997856,sA-eth3,up,918862362042,netem,58858172,40284,0,0,0,27252,2,19248108,5656,0,56589152,5728,0
495,918880529114,918882417529,19995677,sA-eth3,up,918882250516,netem,59100412,40444,0,0,0,48448,3,19249296,5674,0,56827812,5746,0
496,918900533481,918902381105,20004367,sA-eth3,up,918902200211,netem,59302288,40578,0,0,0,0,0,19250286,5689,0,57004392,5760,0
497,918920549637,918922664007,20016156,sA-eth3,up,918922444623,netem,59302288,40578,0,0,0,0,0,19250286,5689,0,57004392,5760,0
498,918940531814,918942471979,19982177,sA-eth3,up,918942262776,netem,59302288,40578,0,0,0,0,0,19250286,5689,0,57004392,5760,0
499,918960526589,918962398384,19994775,sA-eth3,up,918962219642,netem,59302288,40578,0,0,0,0,0,19250286,5689,0,57004392,5760,0
500,918980529026,918982356551,20002437,sA-eth3,up,918982178127,netem,59302288,40578,0,0,0,0,0,19250286,5689,0,57004392,5760,0
501,919000528812,919002460809,19999786,sA-eth3,up,919002284026,netem,59302288,40578,0,0,0,0,0,19250286,5689,0,57004392,5760,0
502,919020536519,919022385314,20007707,sA-eth3,up,919022212961,netem,59302288,40578,0,0,0,0,0,19250286,5689,0,57004392,5760,0
503,919040531495,919042374671,19994976,sA-eth3,up,919042200717,netem,59302288,40578,0,0,0,0,0,19250286,5689,0,57004392,5760,0
504,919060536312,919062352586,20004817,sA-eth3,up,919062182723,netem,59302288,40578,0,0,0,0,0,19250286,5689,0,57004392,5760,0
505,919080540119,919082413494,20003807,sA-eth3,up,919082239810,netem,59302288,40578,0,0,0,0,0,19250286,5689,0,57004392,5760,0
506,919100540585,919102458262,20000466,sA-eth3,up,919102274897,netem,59302288,40578,0,0,0,0,0,19250286,5689,0,57004392,5760,0
507,919120526662,919122346306,19986077,sA-eth3,up,919122177222,netem,59302288,40578,0,0,0,0,0,19250286,5689,0,57004392,5760,0
508,919140535508,919142370672,20008846,sA-eth3,up,919142197919,netem,59302288,40578,0,0,0,0,0,19250286,5689,0,57004392,5760,0
509,919160533815,919162380730,19998307,sA-eth3,up,919162212487,netem,59302288,40578,0,0,0,0,0,19250286,5689,0,57004392,5760,0
510,919180537872,919182430367,20004057,sA-eth3,up,919182257034,netem,59302288,40578,0,0,0,0,0,19250286,5689,0,57004392,5760,0
511,919200532728,919202360943,19994856,sA-eth3,up,919202190680,netem,59302288,40578,0,0,0,0,0,19250286,5689,0,57004392,5760,0
512,919220535644,919222347008,20002916,sA-eth3,up,919222181765,netem,59302288,40578,0,0,0,0,0,19250286,5689,0,57004392,5760,0
513,919240544241,919242412626,20008597,sA-eth3,up,919242232363,netem,59302288,40578,0,0,0,0,0,19250286,5689,0,57004392,5760,0
514,919260535818,919263040905,19991577,sA-eth3,up,919262728349,netem,59403816,40646,0,0,0,30280,2,19250748,5696,0,57101960,5768,0
515,919280543284,919282647094,20007466,sA-eth3,up,919282413149,netem,59653626,40811,0,0,0,34822,3,19251936,5714,0,57346478,5787,0
516,919300542471,919302508038,19999187,sA-eth3,up,919302280544,netem,59789886,40901,0,0,0,0,0,19252860,5729,0,57473378,5801,0
517,919320545828,919322573546,20003357,sA-eth3,up,919322339102,netem,59826222,40925,0,0,0,0,0,19253718,5741,0,57508988,5814,0
518,919340546495,919342548122,20000667,sA-eth3,up,919342357468,netem,59862558,40949,0,0,0,0,0,19254510,5753,0,57544532,5826,0
519,919360536141,919362492448,19989646,sA-eth3,up,919362321635,netem,59898894,40973,0,0,0,0,0,19255302,5765,0,57580076,5838,0
520,919380533818,919382365341,19997677,sA-eth3,up,919382196589,netem,59935230,40997,0,0,0,0,0,19256028,5776,0,57615686,5851,0
521,919400538824,919402397570,20005006,sA-eth3,up,919402230926,netem,59968538,41019,0,0,0,0,0,19256688,5786,0,57648268,5862,0
522,919420542580,919422839594,20003756,sA-eth3,up,919422661961,netem,60001846,41041,0,0,0,0,0,19257414,5798,0,57680850,5873,0
523,919440531697,919442859360,19989117,sA-eth3,up,919442692107,netem,60038182,41065,0,0,0,0,0,19258272,5810,0,57716394,5885,0
524,919460535384,919462380729,20003687,sA-eth3,up,919462210066,netem,60074518,41089,0,0,0,0,0,19258932,5820,0,57752004,5898,0
525,919480525520,919482891205,19990136,sA-eth3,up,919482720962,netem,60107826,41111,0,0,0,3028,1,19259724,5832,0,57787548,5910,0
526,919500535727,919502517175,20010207,sA-eth3,up,919502343572,netem,60180498,41159,0,0,0,22710,2,19260252,5840,0,57854684,5918,0
527,919520537143,919522793686,20001416,sA-eth3,up,919522625633,netem,60425766,41321,0,0,0,49962,3,19261440,5858,0,58090448,5936,0
528,919540538600,919542367795,20001457,sA-eth3,up,919542203551,netem,60680118,41489,0,0,0,30280,2,19262562,5875,0,58334966,5955,0
529,919560539127,919562393971,20000527,sA-eth3,up,919562213448,netem,60929928,41654,0,0,0,56018,4,19263684,5892,0,58575008,5972,0
530,919580547524,919582457459,20008397,sA-eth3,up,919582277356,netem,61173682,41815,0,0,0,89326,6,19264740,5908,0,58809324,5990,0
531,919600545151,919602529878,19997627,sA-eth3,up,919602344255,netem,61429548,41984,0,0,0,65616,4,19265796,5924,0,59055158,6007,0
532,919620546877,919623169847,20001726,sA-eth3,up,919622913752,netem,61495164,42028,0,0,0,0,0,19266060,5928,0,59118134,6011,0
533,919640555354,919643152863,20008477,sA-eth3,up,919642878397,netem,61495164,42028,0,0,0,0,0,19266060,5928,0,59118134,6011,0
534,919660551250,919662790192,19995896,sA-eth3,up,919662545109,netem,61495164,42028,0,0,0,0,0,19266060,5928,0,59118134,6011,0
535,919680553257,919682665476,20002007,sA-eth3,up,919682473903,netem,61495164,42028,0,0,0,0,0,19266060,5928,0,59118134,6011,0
536,919700537873,919702530861,19984616,sA-eth3,up,919702354547,netem,61495164,42028,0,0,0,0,0,19266060,5928,0,59118134,6011,0
537,919720573311,919722686531,20035438,sA-eth3,up,919722445866,netem,61495164,42028,0,0,0,0,0,19266060,5928,0,59118134,6011,0
538,919740548017,919742707218,19974706,sA-eth3,up,919742409201,netem,61549758,42065,0,0,0,31794,2,19266060,5928,0,59170550,6015,0
539,919760557494,919762697724,20009477,sA-eth3,up,919762395188,netem,61667850,42143,0,0,0,0,0,19266060,5928,0,59283956,6022,0
540,919780554480,919782610149,19996986,sA-eth3,up,919782314373,netem,61735980,42188,0,0,0,49962,3,19266126,5929,0,59349446,6027,0
541,919800566207,919803104415,20011727,sA-eth3,up,919802789919,netem,61990332,42356,0,0,0,86298,6,19266918,5941,0,59593700,6043,0
542,919820542073,919823623561,19975866,sA-eth3,up,919823332966,netem,62249226,42527,0,0,0,118092,7,19267974,5957,0,59842364,6058,0
543,919840552780,919842939185,20010707,sA-eth3,up,919842732382,netem,62485410,42683,0,0,0,172596,10,19269030,5973,0,60069242,6073,0
544,919860541607,919862950162,19988827,sA-eth3,up,919862754258,netem,62739762,42851,0,0,0,190764,12,19269954,5987,0,60313496,6088,0
545,919880531773,919882863046,19990166,sA-eth3,up,919882660883,netem,62980488,43010,0,0,0,236184,14,19271010,6003,0,60562160,6104,0
546,919900531000,919903294811,19999227,sA-eth3,up,919903100878,netem,63234840,43178,0,0,0,272520,16,19272000,6018,0,60806414,6119,0
547,919920541076,919923067954,20010076,sA-eth3,up,919922860570,netem,63489192,43346,0,0,0,198848,13,19272990,6033,0,61033226,6133,0
548,919940550063,919943063761,20008987,sA-eth3,up,919942753714,netem,63688040,43478,0,0,0,0,0,19273848,6046,0,61224220,6146,0
549,919960534129,919963137508,19984066,sA-eth3,up,919962930484,netem,63688040,43478,0,0,0,0,0,19273848,6046,0,61224220,6146,0
550,919980532125,919982698517,19997996,sA-eth3,up,919982522083,netem,63688040,43478,0,0,0,0,0,19273848,6046,0,61224220,6146,0
551,920000548753,920002870746,20016628,sA-eth3,up,920002689994,netem,63688040,43478,0,0,0,0,0,19273848,6046,0,61224220,6146,0
552,920020539838,920022450475,19991085,sA-eth3,up,920022268072,netem,63688040,43478,0,0,0,0,0,19273848,6046,0,61224220,6146,0
553,920040534785,920042380290,19994947,sA-eth3,up,920042206097,netem,63688040,43478,0,0,0,0,0,19273848,6046,0,61224220,6146,0
554,920060540573,920062373807,20005788,sA-eth3,up,920062201514,netem,63688040,43478,0,0,0,0,0,19273848,6046,0,61224220,6146,0
555,920080549589,920082448275,20009016,sA-eth3,up,920082260551,netem,63688040,43478,0,0,0,0,0,19273848,6046,0,61224220,6146,0
556,920100539356,920103056552,19989767,sA-eth3,up,920102760328,netem,63688040,43478,0,0,0,0,0,19273848,6046,0,61224220,6146,0
557,920120544613,920122459388,20005257,sA-eth3,up,920122270874,netem,63688040,43478,0,0,0,0,0,19273848,6046,0,61224220,6146,0
558,920140531639,920142357523,19987026,sA-eth3,up,920142185590,netem,63688040,43478,0,0,0,0,0,19273848,6046,0,61224220,6146,0
559,920160537816,920162967281,20006177,sA-eth3,up,920162781278,netem,63772914,43535,0,0,0,33308,2,19274178,6051,0,61305794,6153,0
560,920180535533,920182775885,19997717,sA-eth3,up,920182478619,netem,64019696,43698,0,0,0,40878,3,19275366,6069,0,61542940,6170,0
561,920200543299,920202460415,20007766,sA-eth3,up,920202285792,netem,64264964,43860,0,0,0,52990,3,19276554,6087,0,61778704,6188,0
562,920220531716,920222333620,19988417,sA-eth3,up,920222165647,netem,64514774,44025,0,0,0,37850,3,19277676,6104,0,62026052,6206,0
563,920240530843,920242381118,19999127,sA-eth3,up,920242211284,netem,64763070,44189,0,0,0,43906,4,19278798,6122,0,62268990,6223,0
564,920260550780,920262488846,20019937,sA-eth3,up,920262299613,netem,65014394,44355,0,0,0,45420,3,19280052,6141,0,62498962,6241,0
565,920280531907,920282430092,19981127,sA-eth3,up,920282264209,netem,65271774,44525,0,0,0,30280,2,19281174,6157,0,62746310,6259,0
566,920300537333,920302413708,20005426,sA-eth3,up,920302228855,netem,65509472,44682,0,0,0,52990,3,19282362,6175,0,62974768,6276,0
567,920320532880,920322378125,19995547,sA-eth3,up,920322202822,netem,65763824,44850,0,0,0,45420,3,19283418,6191,0,63219220,6294,0
568,920340534747,920343121686,20001867,sA-eth3,up,920342848950,netem,65880916,44928,0,0,0,0,0,19284078,6201,0,63331758,6303,0
569,920360537114,920362619752,20002367,sA-eth3,up,920362424449,netem,65880916,44928,0,0,0,0,0,19284078,6201,0,63331758,6303,0
570,920380551330,920382642680,20014216,sA-eth3,up,920382433606,netem,65880916,44928,0,0,0,0,0,19284078,6201,0,63331758,6303,0
571,920400531457,920403030975,19980127,sA-eth3,up,920402807420,netem,65880916,44928,0,0,0,0,0,19284078,6201,0,63331758,6303,0
572,920420538334,920422933510,20006877,sA-eth3,up,920422753896,netem,65880916,44928,0,0,0,0,0,19284078,6201,0,63331758,6303,0
573,920440543201,920442577649,20004867,sA-eth3,up,920442359825,netem,65880916,44928,0,0,0,0,0,19284078,6201,0,63331758,6303,0
574,920460531607,920462873212,19988406,sA-eth3,up,920462675738,netem,65880916,44928,0,0,0,0,0,19284078,6201,0,63331758,6303,0
575,920480503874,920482389919,19972267,sA-eth3,up,920482208966,netem,65880916,44928,0,0,0,0,0,19284078,6201,0,63331758,6303,0
576,920500540782,920502464017,20036908,sA-eth3,up,920502278584,netem,65880916,44928,0,0,0,0,0,19284078,6201,0,63331758,6303,0
577,920520543658,920522975624,20002876,sA-eth3,up,920522777610,netem,65926426,44959,0,0,0,36336,2,19284342,6205,0,63392928,6308,0
578,920540529815,920543177904,19986157,sA-eth3,up,920542870348,netem,66183806,45129,0,0,0,30280,2,19285464,6222,0,63622834,6325,0
579,920560537951,920562532539,20008136,sA-eth3,up,920562343066,netem,66427560,45290,0,0,0,68130,4,19286520,6238,0,63857084,6342,0
580,920580536209,920582415054,19998258,sA-eth3,up,920582244991,netem,66675856,45454,0,0,0,52990,4,19287642,6255,0,64095744,6360,0
581,920600538735,920602511052,20002526,sA-eth3,up,920602333709,netem,66930208,45622,0,0,0,45420,3,19288830,6273,0,64340262,6379,0
582,920620533792,920622422217,19995057,sA-eth3,up,920622257054,netem,67183046,45789,0,0,0,37850,3,19289886,6289,0,64583266,6397,0
583,920640534698,920642381513,20000906,sA-eth3,up,920642211210,netem,67425286,45949,0,0,0,37850,3,19291008,6306,0,64816134,6415,0
584,920660528605,920662532493,19993907,sA-eth3,up,920662361040,netem,67667526,46109,0,0,0,66616,4,19292262,6325,0,65066444,6434,0
585,920680551203,920682887727,20022598,sA-eth3,up,920682708983,netem,67932476,46284,0,0,0,52990,4,19293384,6342,0,65310962,6453,0
586,920700533129,920702697330,19981926,sA-eth3,up,920702524577,netem,68073792,46378,0,0,0,0,0,19294110,6353,0,65439428,6462,0
587,920720542165,920722740677,20009036,sA-eth3,up,920722553543,netem,68073792,46378,0,0,0,0,0,19294110,6353,0,65439428,6462,0
588,920740543793,920742602132,20001628,sA-eth3,up,920742375877,netem,68073792,46378,0,0,0,0,0,19294110,6353,0,65439428,6462,0
589,920760550929,920762559938,20007136,sA-eth3,up,920762320143,netem,68073792,46378,0,0,0,0,0,19294110,6353,0,65439428,6462,0
590,920780545276,920782536344,19994347,sA-eth3,up,920782313280,netem,68073792,46378,0,0,0,0,0,19294110,6353,0,65439428,6462,0
591,920800547074,920802542551,20001798,sA-eth3,up,920802311286,netem,68073792,46378,0,0,0,0,0,19294110,6353,0,65439428,6462,0
592,920820544980,920822496867,19997906,sA-eth3,up,920822269682,netem,68073792,46378,0,0,0,0,0,19294110,6353,0,65439428,6462,0
593,920840551917,920842537164,20006937,sA-eth3,up,920842321730,netem,68073792,46378,0,0,0,0,0,19294110,6353,0,65439428,6462,0
594,920860543973,920862529011,19992056,sA-eth3,up,920862347067,netem,68073792,46378,0,0,0,0,0,19294110,6353,0,65439428,6462,0
595,920880530780,920882862364,19986807,sA-eth3,up,920882694141,netem,68104162,46399,0,0,0,33308,2,19294242,6355,0,65468610,6465,0
596,920900528967,920902793749,19998187,sA-eth3,up,920902613246,netem,68353972,46564,0,0,0,37850,3,19295298,6371,0,65715958,6483,0
597,920920530713,920922411799,20001746,sA-eth3,up,920922237276,netem,68599240,46726,0,0,0,52990,3,19296486,6389,0,65944416,6500,0
598,920940538700,920942748302,20007987,sA-eth3,up,920942574488,netem,68853592,46894,0,0,0,45420,3,19297674,6407,0,66188934,6519,0
599,920960535137,920962328711,19996437,sA-eth3,up,920962155717,netem,69097346,47055,0,0,0,52990,5,19298664,6422,0,66434768,6536,0
600,920980531704,920982324268,19996567,sA-eth3,up,920982152235,netem,69345642,47219,0,0,0,52990,4,19299786,6440,0,66661844,6554,0
601,921000534811,921002332724,20003107,sA-eth3,up,921002165481,netem,69603022,47389,0,0,0,45420,3,19301040,6458,0,66909258,6573,0
602,921020540497,921022408813,20005686,sA-eth3,up,921022225179,netem,69840720,47546,0,0,0,62074,5,19302228,6476,0,67156672,6592,0
603,921040537514,921042336539,19997017,sA-eth3,up,921042167936,netem,70095072,47714,0,0,0,37850,3,19303416,6494,0,67382234,6609,0
604,921060528571,921062407277,19991057,sA-eth3,up,921062225363,netem,70266668,47828,0,0,0,0,0,19304208,6506,0,67547098,6621,0
605,921080533788,921082925253,20005217,sA-eth3,up,921082752230,netem,70266668,47828,0,0,0,0,0,19304208,6506,0,67547098,6621,0
606,921100545615,921102516552,20011827,sA-eth3,up,921102344718,netem,70266668,47828,0,0,0,0,0,19304208,6506,0,67547098,6621,0
607,921120546002,921122460317,20000387,sA-eth3,up,921122285434,netem,70266668,47828,0,0,0,0,0,19304208,6506,0,67547098,6621,0
608,921140533128,921142367823,19987126,sA-eth3,up,921142202509,netem,70266738,47829,0,0,0,0,0,19304208,6506,0,67547168,6622,0
609,921160532245,921162391800,19999117,sA-eth3,up,921162223857,netem,70266738,47829,0,0,0,0,0,19304208,6506,0,67547168,6622,0
610,921180540723,921182464659,20008478,sA-eth3,up,921182295885,netem,70266738,47829,0,0,0,0,0,19304208,6506,0,67547168,6622,0
611,921200544829,921202464476,20004106,sA-eth3,up,921202287613,netem,70266738,47829,0,0,0,0,0,19304208,6506,0,67547168,6622,0
612,921220535445,921222379391,19990616,sA-eth3,up,921222204437,netem,70266738,47829,0,0,0,0,0,19304208,6506,0,67547168,6622,0
613,921240534683,921242842737,19999238,sA-eth3,up,921242640843,netem,70281968,47840,0,0,0,30280,2,19304340,6508,0,67576350,6625,0
614,921260549060,921262940716,20014377,sA-eth3,up,921262700501,netem,70531778,48005,0,0,0,37850,3,19305396,6524,0,67816392,6642,0
615,921280551497,921282921772,20002437,sA-eth3,up,921282660748,netem,70777046,48167,0,0,0,68130,4,19306584,6542,0,68055052,6660,0
616,921300535254,921302436820,19983757,sA-eth3,up,921302261406,netem,71031398,48335,0,0,0,45420,3,19307706,6559,0,68282062,6677,0
617,921320527290,921322824785,19992036,sA-eth3,up,921322604970,netem,71284236,48502,0,0,0,49962,4,19308828,6576,0,68536716,6696,0
618,921340540918,921342447324,20013628,sA-eth3,up,921342272390,netem,71523448,48660,0,0,0,52990,4,19310082,6595,0,68769584,6714,0
619,921360534935,921362517503,19994017,sA-eth3,up,921362336839,netem,71780828,48830,0,0,0,60560,4,19311138,6611,0,69002452,6732,0
620,921380527242,921382375417,19992307,sA-eth3,up,921382200563,netem,72033666,48997,0,0,0,68130,5,19312326,6629,0,69245456,6750,0
621,921400527699,921402383524,20000457,sA-eth3,up,921402211020,netem,72272878,49155,0,0,0,68130,5,19313514,6647,0,69489974,6769,0
