rank,round_id,period,version,route_plan_fingerprint,routing_policy,duration_ns,duration_s,bytes_sent,bytes_received,frame_count,checksum_errors,version_errors,step_durations_ns,send_routes,receive_routes,send_steps_by_fabric,receive_steps_by_fabric,bytes_sent_by_fabric,bytes_received_by_fabric
0,0,warmup,0,6b25bbb30fb02f988d2e6e22ba2dc06d94a582024c487c8e3e27c9bb1843c83e,balanced_active_active,1070188470,1.07018847,12582912,12582912,6,0,0,"[180379473,180073192,177070024,177354326,177663707,177365616]","[""A"",""B"",""A"",""B"",""A"",""B""]","[""B"",""A"",""B"",""A"",""B"",""A""]","{""A"":3,""B"":3}","{""A"":3,""B"":3}","{""A"":6291456,""B"":6291456}","{""A"":6291456,""B"":6291456}"
1,0,warmup,0,6b25bbb30fb02f988d2e6e22ba2dc06d94a582024c487c8e3e27c9bb1843c83e,balanced_active_active,1070180030,1.07018003,12582912,12582912,6,0,0,"[180158412,180332613,177271076,177092644,177525907,177508147]","[""B"",""A"",""B"",""A"",""B"",""A""]","[""A"",""B"",""A"",""B"",""A"",""B""]","{""A"":3,""B"":3}","{""A"":3,""B"":3}","{""A"":6291456,""B"":6291456}","{""A"":6291456,""B"":6291456}"
2,0,warmup,0,6b25bbb30fb02f988d2e6e22ba2dc06d94a582024c487c8e3e27c9bb1843c83e,balanced_active_active,1070057169,1.070057169,12582912,12582912,6,0,0,"[180144642,180134032,177526237,177382526,177230156,177363156]","[""A"",""B"",""A"",""B"",""A"",""B""]","[""B"",""A"",""B"",""A"",""B"",""A""]","{""A"":3,""B"":3}","{""A"":3,""B"":3}","{""A"":6291456,""B"":6291456}","{""A"":6291456,""B"":6291456}"
3,0,warmup,0,6b25bbb30fb02f988d2e6e22ba2dc06d94a582024c487c8e3e27c9bb1843c83e,balanced_active_active,1070039909,1.070039909,12582912,12582912,6,0,0,"[180087221,179951240,177365446,177512787,177489487,177355246]","[""B"",""A"",""B"",""A"",""B"",""A""]","[""A"",""B"",""A"",""B"",""A"",""B""]","{""A"":3,""B"":3}","{""A"":3,""B"":3}","{""A"":6291456,""B"":6291456}","{""A"":6291456,""B"":6291456}"
0,1,baseline,0,6b25bbb30fb02f988d2e6e22ba2dc06d94a582024c487c8e3e27c9bb1843c83e,balanced_active_active,1065179972,1.065179972,12582912,12582912,6,0,0,"[177324525,177752848,177255746,177385336,177446397,177727668]","[""A"",""B"",""A"",""B"",""A"",""B""]","[""B"",""A"",""B"",""A"",""B"",""A""]","{""A"":3,""B"":3}","{""A"":3,""B"":3}","{""A"":6291456,""B"":6291456}","{""A"":6291456,""B"":6291456}"
1,1,baseline,0,6b25bbb30fb02f988d2e6e22ba2dc06d94a582024c487c8e3e27c9bb1843c83e,balanced_active_active,1065040361,1.065040361,12582912,12582912,6,0,0,"[177505457,177131425,177954279,177334805,177439216,177397817]","[""B"",""A"",""B"",""A"",""B"",""A""]","[""A"",""B"",""A"",""B"",""A"",""B""]","{""A"":3,""B"":3}","{""A"":3,""B"":3}","{""A"":6291456,""B"":6291456}","{""A"":6291456,""B"":6291456}"
2,1,baseline,0,6b25bbb30fb02f988d2e6e22ba2dc06d94a582024c487c8e3e27c9bb1843c83e,balanced_active_active,1065314242,1.065314242,12582912,12582912,6,0,0,"[177583207,177268226,177491447,177593237,177481096,177643968]","[""A"",""B"",""A"",""B"",""A"",""B""]","[""B"",""A"",""B"",""A"",""B"",""A""]","{""A"":3,""B"":3}","{""A"":3,""B"":3}","{""A"":6291456,""B"":6291456}","{""A"":6291456,""B"":6291456}"
3,1,baseline,0,6b25bbb30fb02f988d2e6e22ba2dc06d94a582024c487c8e3e27c9bb1843c83e,balanced_active_active,1065178221,1.065178221,12582912,12582912,6,0,0,"[177552457,177373576,177545837,177259665,177862819,177305035]","[""B"",""A"",""B"",""A"",""B"",""A""]","[""A"",""B"",""A"",""B"",""A"",""B""]","{""A"":3,""B"":3}","{""A"":3,""B"":3}","{""A"":6291456,""B"":6291456}","{""A"":6291456,""B"":6291456}"
0,2,baseline,0,6b25bbb30fb02f988d2e6e22ba2dc06d94a582024c487c8e3e27c9bb1843c83e,balanced_active_active,1064862000,1.064862,12582912,12582912,6,0,0,"[177502337,177333576,177528147,177376906,177276286,177622608]","[""A"",""B"",""A"",""B"",""A"",""B""]","[""B"",""A"",""B"",""A"",""B"",""A""]","{""A"":3,""B"":3}","{""A"":3,""B"":3}","{""A"":6291456,""B"":6291456}","{""A"":6291456,""B"":6291456}"
1,2,baseline,0,6b25bbb30fb02f988d2e6e22ba2dc06d94a582024c487c8e3e27c9bb1843c83e,balanced_active_active,1064539288,1.064539288,12582912,12582912,6,0,0,"[177777758,177028675,177389956,177446036,177607808,176967314]","[""B"",""A"",""B"",""A"",""B"",""A""]","[""A"",""B"",""A"",""B"",""A"",""B""]","{""A"":3,""B"":3}","{""A"":3,""B"":3}","{""A"":6291456,""B"":6291456}","{""A"":6291456,""B"":6291456}"
2,2,baseline,0,6b25bbb30fb02f988d2e6e22ba2dc06d94a582024c487c8e3e27c9bb1843c83e,balanced_active_active,1064904960,1.06490496,12582912,12582912,6,0,0,"[177657428,177548637,177048595,177312005,177764518,177338226]","[""A"",""B"",""A"",""B"",""A"",""B""]","[""B"",""A"",""B"",""A"",""B"",""A""]","{""A"":3,""B"":3}","{""A"":3,""B"":3}","{""A"":6291456,""B"":6291456}","{""A"":6291456,""B"":6291456}"
3,2,baseline,0,6b25bbb30fb02f988d2e6e22ba2dc06d94a582024c487c8e3e27c9bb1843c83e,balanced_active_active,1064931520,1.06493152,12582912,12582912,6,0,0,"[177510627,177452927,177523937,176998464,177765448,177457346]","[""B"",""A"",""B"",""A"",""B"",""A""]","[""A"",""B"",""A"",""B"",""A"",""B""]","{""A"":3,""B"":3}","{""A"":3,""B"":3}","{""A"":6291456,""B"":6291456}","{""A"":6291456,""B"":6291456}"
0,3,post_fault,0,6b25bbb30fb02f988d2e6e22ba2dc06d94a582024c487c8e3e27c9bb1843c83e,balanced_active_active,2854038037,2.854038037,12582912,12582912,6,0,0,"[177599088,882235475,17815599,871082873,41903983,863143589]","[""A"",""B"",""A"",""B"",""A"",""B""]","[""B"",""A"",""B"",""A"",""B"",""A""]","{""A"":3,""B"":3}","{""A"":3,""B"":3}","{""A"":6291456,""B"":6291456}","{""A"":6291456,""B"":6291456}"
1,3,post_fault,0,6b25bbb30fb02f988d2e6e22ba2dc06d94a582024c487c8e3e27c9bb1843c83e,balanced_active_active,2175905917,2.175905917,12582912,12582912,6,0,0,"[177714188,177162775,882865618,17350236,871245024,49340075]","[""B"",""A"",""B"",""A"",""B"",""A""]","[""A"",""B"",""A"",""B"",""A"",""B""]","{""A"":3,""B"":3}","{""A"":3,""B"":3}","{""A"":6291456,""B"":6291456}","{""A"":6291456,""B"":6291456}"
2,3,post_fault,0,6b25bbb30fb02f988d2e6e22ba2dc06d94a582024c487c8e3e27c9bb1843c83e,balanced_active_active,2717294127,2.717294127,12582912,12582912,6,0,0,"[177552838,711129793,991275,904413368,1259167,921718244]","[""A"",""B"",""A"",""B"",""A"",""B""]","[""B"",""A"",""B"",""A"",""B"",""A""]","{""A"":3,""B"":3}","{""A"":3,""B"":3}","{""A"":6291456,""B"":6291456}","{""A"":6291456,""B"":6291456}"
3,3,post_fault,0,6b25bbb30fb02f988d2e6e22ba2dc06d94a582024c487c8e3e27c9bb1843c83e,balanced_active_active,2677456566,2.677456566,12582912,12582912,6,0,0,"[881935884,1318207,887776206,909375,904501038,779545]","[""B"",""A"",""B"",""A"",""B"",""A""]","[""A"",""B"",""A"",""B"",""A"",""B""]","{""A"":3,""B"":3}","{""A"":3,""B"":3}","{""A"":6291456,""B"":6291456}","{""A"":6291456,""B"":6291456}"
0,4,post_fault,0,6b25bbb30fb02f988d2e6e22ba2dc06d94a582024c487c8e3e27c9bb1843c83e,balanced_active_active,2878002071,2.878002071,12582912,12582912,6,0,0,"[177589238,882503416,83930877,794947010,23343000,915437649]","[""A"",""B"",""A"",""B"",""A"",""B""]","[""B"",""A"",""B"",""A"",""B"",""A""]","{""A"":3,""B"":3}","{""A"":3,""B"":3}","{""A"":6291456,""B"":6291456}","{""A"":6291456,""B"":6291456}"
1,4,post_fault,0,6b25bbb30fb02f988d2e6e22ba2dc06d94a582024c487c8e3e27c9bb1843c83e,balanced_active_active,2139863327,2.139863327,12582912,12582912,6,0,0,"[177434387,177485817,882740658,98341187,780405629,23201139]","[""B"",""A"",""B"",""A"",""B"",""A""]","[""A"",""B"",""A"",""B"",""A"",""B""]","{""A"":3,""B"":3}","{""A"":3,""B"":3}","{""A"":6291456,""B"":6291456}","{""A"":6291456,""B"":6291456}"
2,4,post_fault,0,6b25bbb30fb02f988d2e6e22ba2dc06d94a582024c487c8e3e27c9bb1843c83e,balanced_active_active,2749656827,2.749656827,12582912,12582912,6,0,0,"[178265791,619135702,2960057,1018753004,923245,929391697]","[""A"",""B"",""A"",""B"",""A"",""B""]","[""B"",""A"",""B"",""A"",""B"",""A""]","{""A"":3,""B"":3}","{""A"":3,""B"":3}","{""A"":6291456,""B"":6291456}","{""A"":6291456,""B"":6291456}"
3,4,post_fault,0,6b25bbb30fb02f988d2e6e22ba2dc06d94a582024c487c8e3e27c9bb1843c83e,balanced_active_active,2701116397,2.701116397,12582912,12582912,6,0,0,"[882051244,1378718,877839320,950786,937808994,867915]","[""B"",""A"",""B"",""A"",""B"",""A""]","[""A"",""B"",""A"",""B"",""A"",""B""]","{""A"":3,""B"":3}","{""A"":3,""B"":3}","{""A"":6291456,""B"":6291456}","{""A"":6291456,""B"":6291456}"
0,5,post_fault,0,6b25bbb30fb02f988d2e6e22ba2dc06d94a582024c487c8e3e27c9bb1843c83e,balanced_active_active,2873673017,2.873673017,12582912,12582912,6,0,0,"[177424946,882243185,61138280,839583038,22360565,890677062]","[""A"",""B"",""A"",""B"",""A"",""B""]","[""B"",""A"",""B"",""A"",""B"",""A""]","{""A"":3,""B"":3}","{""A"":3,""B"":3}","{""A"":6291456,""B"":6291456}","{""A"":6291456,""B"":6291456}"
1,5,post_fault,0,6b25bbb30fb02f988d2e6e22ba2dc06d94a582024c487c8e3e27c9bb1843c83e,balanced_active_active,2160122680,2.16012268,12582912,12582912,6,0,0,"[178473623,176110689,882611457,77048379,823616279,21994793]","[""B"",""A"",""B"",""A"",""B"",""A""]","[""A"",""B"",""A"",""B"",""A"",""B""]","{""A"":3,""B"":3}","{""A"":3,""B"":3}","{""A"":6291456,""B"":6291456}","{""A"":6291456,""B"":6291456}"
2,5,post_fault,0,6b25bbb30fb02f988d2e6e22ba2dc06d94a582024c487c8e3e27c9bb1843c83e,balanced_active_active,2719315208,2.719315208,12582912,12582912,6,0,0,"[178362261,723911654,969576,911811019,888555,903171141]","[""A"",""B"",""A"",""B"",""A"",""B""]","[""B"",""A"",""B"",""A"",""B"",""A""]","{""A"":3,""B"":3}","{""A"":3,""B"":3}","{""A"":6291456,""B"":6291456}","{""A"":6291456,""B"":6291456}"
3,5,post_fault,0,6b25bbb30fb02f988d2e6e22ba2dc06d94a582024c487c8e3e27c9bb1843c83e,balanced_active_active,2696927164,2.696927164,12582912,12582912,6,0,0,"[881837793,1269547,899764403,844405,912056330,955675]","[""B"",""A"",""B"",""A"",""B"",""A""]","[""A"",""B"",""A"",""B"",""A"",""B""]","{""A"":3,""B"":3}","{""A"":3,""B"":3}","{""A"":6291456,""B"":6291456}","{""A"":6291456,""B"":6291456}"
0,6,post_fault,0,6b25bbb30fb02f988d2e6e22ba2dc06d94a582024c487c8e3e27c9bb1843c83e,balanced_active_active,2841552378,2.841552378,12582912,12582912,6,0,0,"[177826928,880686256,55847141,838731563,66546850,821645388]","[""A"",""B"",""A"",""B"",""A"",""B""]","[""B"",""A"",""B"",""A"",""B"",""A""]","{""A"":3,""B"":3}","{""A"":3,""B"":3}","{""A"":6291456,""B"":6291456}","{""A"":6291456,""B"":6291456}"
1,6,post_fault,0,6b25bbb30fb02f988d2e6e22ba2dc06d94a582024c487c8e3e27c9bb1843c83e,balanced_active_active,2208951681,2.208951681,12582912,12582912,6,0,0,"[177693708,177449737,880682156,70192911,824831546,77834753]","[""B"",""A"",""B"",""A"",""B"",""A""]","[""A"",""B"",""A"",""B"",""A"",""B""]","{""A"":3,""B"":3}","{""A"":3,""B"":3}","{""A"":6291456,""B"":6291456}","{""A"":6291456,""B"":6291456}"
2,6,post_fault,0,6b25bbb30fb02f988d2e6e22ba2dc06d94a582024c487c8e3e27c9bb1843c83e,balanced_active_active,2308669375,2.308669375,12582912,12582912,6,0,0,"[178437362,716568753,1595189,884596558,906095,526333916]","[""A"",""B"",""A"",""B"",""A"",""B""]","[""B"",""A"",""B"",""A"",""B"",""A""]","{""A"":3,""B"":3}","{""A"":3,""B"":3}","{""A"":6291456,""B"":6291456}","{""A"":6291456,""B"":6291456}"
3,6,post_fault,0,6b25bbb30fb02f988d2e6e22ba2dc06d94a582024c487c8e3e27c9bb1843c83e,balanced_active_active,2664718875,2.664718875,12582912,12582912,6,0,0,"[880643236,1225996,893666718,739384,886353538,1806030]","[""B"",""A"",""B"",""A"",""B"",""A""]","[""A"",""B"",""A"",""B"",""A"",""B""]","{""A"":3,""B"":3}","{""A"":3,""B"":3}","{""A"":6291456,""B"":6291456}","{""A"":6291456,""B"":6291456}"
0,7,post_fault,0,6b25bbb30fb02f988d2e6e22ba2dc06d94a582024c487c8e3e27c9bb1843c83e,balanced_active_active,2825558299,2.825558299,12582912,12582912,6,0,0,"[182588885,879873162,68510680,812160475,86290230,795778084]","[""A"",""B"",""A"",""B"",""A"",""B""]","[""B"",""A"",""B"",""A"",""B"",""A""]","{""A"":3,""B"":3}","{""A"":3,""B"":3}","{""A"":6291456,""B"":6291456}","{""A"":6291456,""B"":6291456}"
1,7,post_fault,0,6b25bbb30fb02f988d2e6e22ba2dc06d94a582024c487c8e3e27c9bb1843c83e,balanced_active_active,2206204766,2.206204766,12582912,12582912,6,0,0,"[179413058,181319708,877487618,84010858,796567818,85979169]","[""B"",""A"",""B"",""A"",""B"",""A""]","[""A"",""B"",""A"",""B"",""A"",""B""]","{""A"":3,""B"":3}","{""A"":3,""B"":3}","{""A"":6291456,""B"":6291456}","{""A"":6291456,""B"":6291456}"
2,7,post_fault,0,6b25bbb30fb02f988d2e6e22ba2dc06d94a582024c487c8e3e27c9bb1843c83e,balanced_active_active,2297141571,2.297141571,12582912,12582912,6,0,0,"[183624581,175633066,180659155,876186132,98830079,781838187]","[""A"",""B"",""A"",""B"",""A"",""B""]","[""B"",""A"",""B"",""A"",""B"",""A""]","{""A"":3,""B"":3}","{""A"":3,""B"":3}","{""A"":6291456,""B"":6291456}","{""A"":6291456,""B"":6291456}"
3,7,post_fault,0,6b25bbb30fb02f988d2e6e22ba2dc06d94a582024c487c8e3e27c9bb1843c83e,balanced_active_active,2647024237,2.647024237,12582912,12582912,6,0,0,"[882211354,1434918,879933992,1133016,880332954,1695270]","[""B"",""A"",""B"",""A"",""B"",""A""]","[""A"",""B"",""A"",""B"",""A"",""B""]","{""A"":3,""B"":3}","{""A"":3,""B"":3}","{""A"":6291456,""B"":6291456}","{""A"":6291456,""B"":6291456}"
0,8,post_fault,0,6b25bbb30fb02f988d2e6e22ba2dc06d94a582024c487c8e3e27c9bb1843c83e,balanced_active_active,2822308321,2.822308321,12582912,12582912,6,0,0,"[177546147,881504381,87180094,794433886,70821453,810526146]","[""A"",""B"",""A"",""B"",""A"",""B""]","[""B"",""A"",""B"",""A"",""B"",""A""]","{""A"":3,""B"":3}","{""A"":3,""B"":3}","{""A"":6291456,""B"":6291456}","{""A"":6291456,""B"":6291456}"
1,8,post_fault,0,6b25bbb30fb02f988d2e6e22ba2dc06d94a582024c487c8e3e27c9bb1843c83e,balanced_active_active,2189207731,2.189207731,12582912,12582912,6,0,0,"[177841588,177150704,881811812,101235662,780256227,70617302]","[""B"",""A"",""B"",""A"",""B"",""A""]","[""A"",""B"",""A"",""B"",""A"",""B""]","{""A"":3,""B"":3}","{""A"":3,""B"":3}","{""A"":6291456,""B"":6291456}","{""A"":6291456,""B"":6291456}"
2,8,post_fault,0,6b25bbb30fb02f988d2e6e22ba2dc06d94a582024c487c8e3e27c9bb1843c83e,balanced_active_active,2296413947,2.296413947,12582912,12582912,6,0,0,"[178349911,176904874,177169605,881843463,114926899,766972655]","[""A"",""B"",""A"",""B"",""A"",""B""]","[""B"",""A"",""B"",""A"",""B"",""A""]","{""A"":3,""B"":3}","{""A"":3,""B"":3}","{""A"":6291456,""B"":6291456}","{""A"":6291456,""B"":6291456}"
3,8,post_fault,0,6b25bbb30fb02f988d2e6e22ba2dc06d94a582024c487c8e3e27c9bb1843c83e,balanced_active_active,2645538388,2.645538388,12582912,12582912,6,0,0,"[881037849,1321787,880284574,1331417,880422355,882015]","[""B"",""A"",""B"",""A"",""B"",""A""]","[""A"",""B"",""A"",""B"",""A"",""B""]","{""A"":3,""B"":3}","{""A"":3,""B"":3}","{""A"":6291456,""B"":6291456}","{""A"":6291456,""B"":6291456}"
0,9,post_fault,0,6b25bbb30fb02f988d2e6e22ba2dc06d94a582024c487c8e3e27c9bb1843c83e,balanced_active_active,2822999105,2.822999105,12582912,12582912,6,0,0,"[177684298,881695392,69809838,811428301,85977278,796078266]","[""A"",""B"",""A"",""B"",""A"",""B""]","[""B"",""A"",""B"",""A"",""B"",""A""]","{""A"":3,""B"":3}","{""A"":3,""B"":3}","{""A"":6291456,""B"":6291456}","{""A"":6291456,""B"":6291456}"
1,9,post_fault,0,6b25bbb30fb02f988d2e6e22ba2dc06d94a582024c487c8e3e27c9bb1843c83e,balanced_active_active,2204452156,2.204452156,12582912,12582912,6,0,0,"[177459696,177500307,881831423,85144063,796238766,85932277]","[""B"",""A"",""B"",""A"",""B"",""A""]","[""A"",""B"",""A"",""B"",""A"",""B""]","{""A"":3,""B"":3}","{""A"":3,""B"":3}","{""A"":6291456,""B"":6291456}","{""A"":6291456,""B"":6291456}"
2,9,post_fault,0,6b25bbb30fb02f988d2e6e22ba2dc06d94a582024c487c8e3e27c9bb1843c83e,balanced_active_active,2296182836,2.296182836,12582912,12582912,6,0,0,"[178274101,176587802,177428867,881932903,99925065,781726236]","[""A"",""B"",""A"",""B"",""A"",""B""]","[""B"",""A"",""B"",""A"",""B"",""A""]","{""A"":3,""B"":3}","{""A"":3,""B"":3}","{""A"":6291456,""B"":6291456}","{""A"":6291456,""B"":6291456}"
3,9,post_fault,0,6b25bbb30fb02f988d2e6e22ba2dc06d94a582024c487c8e3e27c9bb1843c83e,balanced_active_active,2646023261,2.646023261,12582912,12582912,6,0,0,"[881124729,1326667,880294164,1200307,880778757,901155]","[""B"",""A"",""B"",""A"",""B"",""A""]","[""A"",""B"",""A"",""B"",""A"",""B""]","{""A"":3,""B"":3}","{""A"":3,""B"":3}","{""A"":6291456,""B"":6291456}","{""A"":6291456,""B"":6291456}"
0,10,post_fault,0,6b25bbb30fb02f988d2e6e22ba2dc06d94a582024c487c8e3e27c9bb1843c83e,balanced_active_active,2942686850,2.94268685,12582912,12582912,6,0,0,"[177696818,881161069,33005703,934043473,59147869,857296076]","[""A"",""B"",""A"",""B"",""A"",""B""]","[""B"",""A"",""B"",""A"",""B"",""A""]","{""A"":3,""B"":3}","{""A"":3,""B"":3}","{""A"":6291456,""B"":6291456}","{""A"":6291456,""B"":6291456}"
1,10,post_fault,0,6b25bbb30fb02f988d2e6e22ba2dc06d94a582024c487c8e3e27c9bb1843c83e,balanced_active_active,2264904722,2.264904722,12582912,12582912,6,0,0,"[177408187,177394686,881197089,33094944,933920153,61531302]","[""B"",""A"",""B"",""A"",""B"",""A""]","[""A"",""B"",""A"",""B"",""A"",""B""]","{""A"":3,""B"":3}","{""A"":3,""B"":3}","{""A"":6291456,""B"":6291456}","{""A"":6291456,""B"":6291456}"
2,10,post_fault,0,6b25bbb30fb02f988d2e6e22ba2dc06d94a582024c487c8e3e27c9bb1843c83e,balanced_active_active,2791154627,2.791154627,12582912,12582912,6,0,0,"[178508062,788661115,1522829,914631335,1073166,906454459]","[""A"",""B"",""A"",""B"",""A"",""B""]","[""B"",""A"",""B"",""A"",""B"",""A""]","{""A"":3,""B"":3}","{""A"":3,""B"":3}","{""A"":6291456,""B"":6291456}","{""A"":6291456,""B"":6291456}"
3,10,post_fault,0,6b25bbb30fb02f988d2e6e22ba2dc06d94a582024c487c8e3e27c9bb1843c83e,balanced_active_active,2765796806,2.765796806,12582912,12582912,6,0,0,"[880999708,1119496,965949051,910525,915627341,908015]","[""B"",""A"",""B"",""A"",""B"",""A""]","[""A"",""B"",""A"",""B"",""A"",""B""]","{""A"":3,""B"":3}","{""A"":3,""B"":3}","{""A"":6291456,""B"":6291456}","{""A"":6291456,""B"":6291456}"
0,11,post_fault,0,6b25bbb30fb02f988d2e6e22ba2dc06d94a582024c487c8e3e27c9bb1843c83e,balanced_active_active,2847332290,2.84733229,12582912,12582912,6,0,0,"[177879199,881268459,58706626,839478947,69585917,820094729]","[""A"",""B"",""A"",""B"",""A"",""B""]","[""B"",""A"",""B"",""A"",""B"",""A""]","{""A"":3,""B"":3}","{""A"":3,""B"":3}","{""A"":6291456,""B"":6291456}","{""A"":6291456,""B"":6291456}"
1,11,post_fault,0,6b25bbb30fb02f988d2e6e22ba2dc06d94a582024c487c8e3e27c9bb1843c83e,balanced_active_active,2216948775,2.216948775,12582912,12582912,6,0,0,"[177485147,177609717,881143129,73430888,825076918,81815625]","[""B"",""A"",""B"",""A"",""B"",""A""]","[""A"",""B"",""A"",""B"",""A"",""B""]","{""A"":3,""B"":3}","{""A"":3,""B"":3}","{""A"":6291456,""B"":6291456}","{""A"":6291456,""B"":6291456}"
2,11,post_fault,0,6b25bbb30fb02f988d2e6e22ba2dc06d94a582024c487c8e3e27c9bb1843c83e,balanced_active_active,2312741488,2.312741488,12582912,12582912,6,0,0,"[179309687,718959397,1032496,888772061,1130147,523255709]","[""A"",""B"",""A"",""B"",""A"",""B""]","[""B"",""A"",""B"",""A"",""B"",""A""]","{""A"":3,""B"":3}","{""A"":3,""B"":3}","{""A"":6291456,""B"":6291456}","{""A"":6291456,""B"":6291456}"
3,11,post_fault,0,6b25bbb30fb02f988d2e6e22ba2dc06d94a582024c487c8e3e27c9bb1843c83e,balanced_active_active,2670687448,2.670687448,12582912,12582912,6,0,0,"[881061049,1342327,897075927,1072166,888819142,1004726]","[""B"",""A"",""B"",""A"",""B"",""A""]","[""A"",""B"",""A"",""B"",""A"",""B""]","{""A"":3,""B"":3}","{""A"":3,""B"":3}","{""A"":6291456,""B"":6291456}","{""A"":6291456,""B"":6291456}"
0,12,post_fault,0,6b25bbb30fb02f988d2e6e22ba2dc06d94a582024c487c8e3e27c9bb1843c83e,balanced_active_active,2822740003,2.822740003,12582912,12582912,6,0,0,"[177647977,881866742,68606471,813310122,78019714,802973065]","[""A"",""B"",""A"",""B"",""A"",""B""]","[""B"",""A"",""B"",""A"",""B"",""A""]","{""A"":3,""B"":3}","{""A"":3,""B"":3}","{""A"":6291456,""B"":6291456}","{""A"":6291456,""B"":6291456}"
1,12,post_fault,0,6b25bbb30fb02f988d2e6e22ba2dc06d94a582024c487c8e3e27c9bb1843c83e,balanced_active_active,2197243056,2.197243056,12582912,12582912,6,0,0,"[177677658,177259106,881833853,82765360,799397555,77930753]","[""B"",""A"",""B"",""A"",""B"",""A""]","[""A"",""B"",""A"",""B"",""A"",""B""]","{""A"":3,""B"":3}","{""A"":3,""B"":3}","{""A"":6291456,""B"":6291456}","{""A"":6291456,""B"":6291456}"
2,12,post_fault,0,6b25bbb30fb02f988d2e6e22ba2dc06d94a582024c487c8e3e27c9bb1843c83e,balanced_active_active,2297139381,2.297139381,12582912,12582912,6,0,0,"[178665263,176799503,177272846,881702262,96508507,785861359]","[""A"",""B"",""A"",""B"",""A"",""B""]","[""B"",""A"",""B"",""A"",""B"",""A""]","{""A"":3,""B"":3}","{""A"":3,""B"":3}","{""A"":6291456,""B"":6291456}","{""A"":6291456,""B"":6291456}"
3,12,post_fault,0,6b25bbb30fb02f988d2e6e22ba2dc06d94a582024c487c8e3e27c9bb1843c83e,balanced_active_active,2646033441,2.646033441,12582912,12582912,6,0,0,"[881080668,1590909,880553396,1492418,880046342,970805]","[""B"",""A"",""B"",""A"",""B"",""A""]","[""A"",""B"",""A"",""B"",""A"",""B""]","{""A"":3,""B"":3}","{""A"":3,""B"":3}","{""A"":6291456,""B"":6291456}","{""A"":6291456,""B"":6291456}"
0,13,post_fault,0,6b25bbb30fb02f988d2e6e22ba2dc06d94a582024c487c8e3e27c9bb1843c83e,balanced_active_active,2822975864,2.822975864,12582912,12582912,6,0,0,"[177747178,881592642,86229189,795722454,69782758,811608002]","[""A"",""B"",""A"",""B"",""A"",""B""]","[""B"",""A"",""B"",""A"",""B"",""A""]","{""A"":3,""B"":3}","{""A"":3,""B"":3}","{""A"":6291456,""B"":6291456}","{""A"":6291456,""B"":6291456}"
1,13,post_fault,0,6b25bbb30fb02f988d2e6e22ba2dc06d94a582024c487c8e3e27c9bb1843c83e,balanced_active_active,2188780219,2.188780219,12582912,12582912,6,0,0,"[177344387,177656578,881444670,100606299,781492445,69866059]","[""B"",""A"",""B"",""A"",""B"",""A""]","[""A"",""B"",""A"",""B"",""A"",""B""]","{""A"":3,""B"":3}","{""A"":3,""B"":3}","{""A"":6291456,""B"":6291456}","{""A"":6291456,""B"":6291456}"
2,13,post_fault,0,6b25bbb30fb02f988d2e6e22ba2dc06d94a582024c487c8e3e27c9bb1843c83e,balanced_active_active,2296545318,2.296545318,12582912,12582912,6,0,0,"[178444193,176489681,177817838,881629822,115299611,766545252]","[""A"",""B"",""A"",""B"",""A"",""B""]","[""B"",""A"",""B"",""A"",""B"",""A""]","{""A"":3,""B"":3}","{""A"":3,""B"":3}","{""A"":6291456,""B"":6291456}","{""A"":6291456,""B"":6291456}"
3,13,post_fault,0,6b25bbb30fb02f988d2e6e22ba2dc06d94a582024c487c8e3e27c9bb1843c83e,balanced_active_active,2646274862,2.646274862,12582912,12582912,6,0,0,"[881363100,1375188,880196504,1463588,880581036,984776]","[""B"",""A"",""B"",""A"",""B"",""A""]","[""A"",""B"",""A"",""B"",""A"",""B""]","{""A"":3,""B"":3}","{""A"":3,""B"":3}","{""A"":6291456,""B"":6291456}","{""A"":6291456,""B"":6291456}"
0,14,post_fault,0,6b25bbb30fb02f988d2e6e22ba2dc06d94a582024c487c8e3e27c9bb1843c83e,balanced_active_active,2822807494,2.822807494,12582912,12582912,6,0,0,"[177554737,881775562,66800241,814807650,83143192,798435169]","[""A"",""B"",""A"",""B"",""A"",""B""]","[""B"",""A"",""B"",""A"",""B"",""A""]","{""A"":3,""B"":3}","{""A"":3,""B"":3}","{""A"":6291456,""B"":6291456}","{""A"":6291456,""B"":6291456}"
1,14,post_fault,0,6b25bbb30fb02f988d2e6e22ba2dc06d94a582024c487c8e3e27c9bb1843c83e,balanced_active_active,2201544610,2.20154461,12582912,12582912,6,0,0,"[177696818,177272736,881817073,81652474,799962087,82849270]","[""B"",""A"",""B"",""A"",""B"",""A""]","[""A"",""B"",""A"",""B"",""A"",""B""]","{""A"":3,""B"":3}","{""A"":3,""B"":3}","{""A"":6291456,""B"":6291456}","{""A"":6291456,""B"":6291456}"
2,14,post_fault,0,6b25bbb30fb02f988d2e6e22ba2dc06d94a582024c487c8e3e27c9bb1843c83e,balanced_active_active,2296141396,2.296141396,12582912,12582912,6,0,0,"[178528583,176451451,177271876,881873443,95411321,786320392]","[""A"",""B"",""A"",""B"",""A"",""B""]","[""B"",""A"",""B"",""A"",""B"",""A""]","{""A"":3,""B"":3}","{""A"":3,""B"":3}","{""A"":6291456,""B"":6291456}","{""A"":6291456,""B"":6291456}"
3,14,post_fault,0,6b25bbb30fb02f988d2e6e22ba2dc06d94a582024c487c8e3e27c9bb1843c83e,balanced_active_active,2646079121,2.646079121,12582912,12582912,6,0,0,"[881397661,1251157,880425325,1284797,880627716,828734]","[""B"",""A"",""B"",""A"",""B"",""A""]","[""A"",""B"",""A"",""B"",""A"",""B""]","{""A"":3,""B"":3}","{""A"":3,""B"":3}","{""A"":6291456,""B"":6291456}","{""A"":6291456,""B"":6291456}"
0,15,post_fault,0,6b25bbb30fb02f988d2e6e22ba2dc06d94a582024c487c8e3e27c9bb1843c83e,balanced_active_active,2943630715,2.943630715,12582912,12582912,6,0,0,"[177667828,881416191,6354305,962030209,40587266,875277636]","[""A"",""B"",""A"",""B"",""A"",""B""]","[""B"",""A"",""B"",""A"",""B"",""A""]","{""A"":3,""B"":3}","{""A"":3,""B"":3}","{""A"":6291456,""B"":6291456}","{""A"":6291456,""B"":6291456}"
1,15,post_fault,0,6b25bbb30fb02f988d2e6e22ba2dc06d94a582024c487c8e3e27c9bb1843c83e,balanced_active_active,2247694517,2.247694517,12582912,12582912,6,0,0,"[177484707,177428907,882190955,5810292,962066818,42472177]","[""B"",""A"",""B"",""A"",""B"",""A""]","[""A"",""B"",""A"",""B"",""A"",""B""]","{""A"":3,""B"":3}","{""A"":3,""B"":3}","{""A"":6291456,""B"":6291456}","{""A"":6291456,""B"":6291456}"
2,15,post_fault,0,6b25bbb30fb02f988d2e6e22ba2dc06d94a582024c487c8e3e27c9bb1843c83e,balanced_active_active,2792188274,2.792188274,12582912,12582912,6,0,0,"[178256171,790513345,1431008,914636535,1490869,905623095]","[""A"",""B"",""A"",""B"",""A"",""B""]","[""B"",""A"",""B"",""A"",""B"",""A""]","{""A"":3,""B"":3}","{""A"":3,""B"":3}","{""A"":6291456,""B"":6291456}","{""A"":6291456,""B"":6291456}"
3,15,post_fault,0,6b25bbb30fb02f988d2e6e22ba2dc06d94a582024c487c8e3e27c9bb1843c83e,balanced_active_active,2766709642,2.766709642,12582912,12582912,6,0,0,"[881196510,1362677,967156527,853775,915125287,805734]","[""B"",""A"",""B"",""A"",""B"",""A""]","[""A"",""B"",""A"",""B"",""A"",""B""]","{""A"":3,""B"":3}","{""A"":3,""B"":3}","{""A"":6291456,""B"":6291456}","{""A"":6291456,""B"":6291456}"
0,16,post_fault,0,6b25bbb30fb02f988d2e6e22ba2dc06d94a582024c487c8e3e27c9bb1843c83e,balanced_active_active,2846823807,2.846823807,12582912,12582912,6,0,0,"[177526487,881523961,59565872,838482681,69439506,820047139]","[""A"",""B"",""A"",""B"",""A"",""B""]","[""B"",""A"",""B"",""A"",""B"",""A""]","{""A"":3,""B"":3}","{""A"":3,""B"":3}","{""A"":6291456,""B"":6291456}","{""A"":6291456,""B"":6291456}"
1,16,post_fault,0,6b25bbb30fb02f988d2e6e22ba2dc06d94a582024c487c8e3e27c9bb1843c83e,balanced_active_active,2217669229,2.217669229,12582912,12582912,6,0,0,"[177421406,177368066,881536360,74180062,824330653,82595699]","[""B"",""A"",""B"",""A"",""B"",""A""]","[""A"",""B"",""A"",""B"",""A"",""B""]","{""A"":3,""B"":3}","{""A"":3,""B"":3}","{""A"":6291456,""B"":6291456}","{""A"":6291456,""B"":6291456}"
2,16,post_fault,0,6b25bbb30fb02f988d2e6e22ba2dc06d94a582024c487c8e3e27c9bb1843c83e,balanced_active_active,2312379075,2.312379075,12582912,12582912,6,0,0,"[178945074,719579430,1475529,888098417,851275,523216459]","[""A"",""B"",""A"",""B"",""A"",""B""]","[""B"",""A"",""B"",""A"",""B"",""A""]","{""A"":3,""B"":3}","{""A"":3,""B"":3}","{""A"":6291456,""B"":6291456}","{""A"":6291456,""B"":6291456}"
3,16,post_fault,0,6b25bbb30fb02f988d2e6e22ba2dc06d94a582024c487c8e3e27c9bb1843c83e,balanced_active_active,2670310955,2.670310955,12582912,12582912,6,0,0,"[881188659,1396178,896997217,884375,888801011,838884]","[""B"",""A"",""B"",""A"",""B"",""A""]","[""A"",""B"",""A"",""B"",""A"",""B""]","{""A"":3,""B"":3}","{""A"":3,""B"":3}","{""A"":6291456,""B"":6291456}","{""A"":6291456,""B"":6291456}"
0,17,post_fault,0,6b25bbb30fb02f988d2e6e22ba2dc06d94a582024c487c8e3e27c9bb1843c83e,balanced_active_active,2822760893,2.822760893,12582912,12582912,6,0,0,"[177357936,881927783,76198303,805436218,68711273,812887919]","[""A"",""B"",""A"",""B"",""A"",""B""]","[""B"",""A"",""B"",""A"",""B"",""A""]","{""A"":3,""B"":3}","{""A"":3,""B"":3}","{""A"":6291456,""B"":6291456}","{""A"":6291456,""B"":6291456}"
1,17,post_fault,0,6b25bbb30fb02f988d2e6e22ba2dc06d94a582024c487c8e3e27c9bb1843c83e,balanced_active_active,2187099480,2.18709948,12582912,12582912,6,0,0,"[177523567,177039714,881941253,91212527,790771037,68372170]","[""B"",""A"",""B"",""A"",""B"",""A""]","[""A"",""B"",""A"",""B"",""A"",""B""]","{""A"":3,""B"":3}","{""A"":3,""B"":3}","{""A"":6291456,""B"":6291456}","{""A"":6291456,""B"":6291456}"
2,17,post_fault,0,6b25bbb30fb02f988d2e6e22ba2dc06d94a582024c487c8e3e27c9bb1843c83e,balanced_active_active,2296398847,2.296398847,12582912,12582912,6,0,0,"[178652163,176231360,177090675,881985793,105979719,776205905]","[""A"",""B"",""A"",""B"",""A"",""B""]","[""B"",""A"",""B"",""A"",""B"",""A""]","{""A"":3,""B"":3}","{""A"":3,""B"":3}","{""A"":6291456,""B"":6291456}","{""A"":6291456,""B"":6291456}"
3,17,post_fault,0,6b25bbb30fb02f988d2e6e22ba2dc06d94a582024c487c8e3e27c9bb1843c83e,balanced_active_active,2646263412,2.646263412,12582912,12582912,6,0,0,"[881625432,1283887,880325914,1181896,880772607,878185]","[""B"",""A"",""B"",""A"",""B"",""A""]","[""A"",""B"",""A"",""B"",""A"",""B""]","{""A"":3,""B"":3}","{""A"":3,""B"":3}","{""A"":6291456,""B"":6291456}","{""A"":6291456,""B"":6291456}"
0,18,post_fault,0,6b25bbb30fb02f988d2e6e22ba2dc06d94a582024c487c8e3e27c9bb1843c83e,balanced_active_active,2822644813,2.822644813,12582912,12582912,6,0,0,"[177428637,881640902,66553070,814976821,83435464,798353839]","[""A"",""B"",""A"",""B"",""A"",""B""]","[""B"",""A"",""B"",""A"",""B"",""A""]","{""A"":3,""B"":3}","{""A"":3,""B"":3}","{""A"":6291456,""B"":6291456}","{""A"":6291456,""B"":6291456}"
1,18,post_fault,0,6b25bbb30fb02f988d2e6e22ba2dc06d94a582024c487c8e3e27c9bb1843c83e,balanced_active_active,2201590000,2.20159,12582912,12582912,6,0,0,"[177485707,177299336,881589062,82008126,799783686,83192972]","[""B"",""A"",""B"",""A"",""B"",""A""]","[""A"",""B"",""A"",""B"",""A"",""B""]","{""A"":3,""B"":3}","{""A"":3,""B"":3}","{""A"":6291456,""B"":6291456}","{""A"":6291456,""B"":6291456}"
2,18,post_fault,0,6b25bbb30fb02f988d2e6e22ba2dc06d94a582024c487c8e3e27c9bb1843c83e,balanced_active_active,2295874214,2.295874214,12582912,12582912,6,0,0,"[178293542,176412461,177389566,881712551,96661087,785148845]","[""A"",""B"",""A"",""B"",""A"",""B""]","[""B"",""A"",""B"",""A"",""B"",""A""]","{""A"":3,""B"":3}","{""A"":3,""B"":3}","{""A"":6291456,""B"":6291456}","{""A"":6291456,""B"":6291456}"
3,18,post_fault,0,6b25bbb30fb02f988d2e6e22ba2dc06d94a582024c487c8e3e27c9bb1843c83e,balanced_active_active,2645882740,2.64588274,12582912,12582912,6,0,0,"[881086848,1269987,880518445,1228317,880690946,898125]","[""B"",""A"",""B"",""A"",""B"",""A""]","[""A"",""B"",""A"",""B"",""A"",""B""]","{""A"":3,""B"":3}","{""A"":3,""B"":3}","{""A"":6291456,""B"":6291456}","{""A"":6291456,""B"":6291456}"
0,19,post_fault,0,6b25bbb30fb02f988d2e6e22ba2dc06d94a582024c487c8e3e27c9bb1843c83e,balanced_active_active,2822758903,2.822758903,12582912,12582912,6,0,0,"[177700918,881645271,69915879,811409081,78505767,803295876]","[""A"",""B"",""A"",""B"",""A"",""B""]","[""B"",""A"",""B"",""A"",""B"",""A""]","{""A"":3,""B"":3}","{""A"":3,""B"":3}","{""A"":6291456,""B"":6291456}","{""A"":6291456,""B"":6291456}"
1,19,post_fault,0,6b25bbb30fb02f988d2e6e22ba2dc06d94a582024c487c8e3e27c9bb1843c83e,balanced_active_active,2196704033,2.196704033,12582912,12582912,6,0,0,"[177432176,177416937,881889943,85844317,795534332,78321805]","[""B"",""A"",""B"",""A"",""B"",""A""]","[""A"",""B"",""A"",""B"",""A"",""B""]","{""A"":3,""B"":3}","{""A"":3,""B"":3}","{""A"":6291456,""B"":6291456}","{""A"":6291456,""B"":6291456}"
2,19,post_fault,0,6b25bbb30fb02f988d2e6e22ba2dc06d94a582024c487c8e3e27c9bb1843c83e,balanced_active_active,2296005935,2.296005935,12582912,12582912,6,0,0,"[178408862,176477791,177582637,882159775,99327652,781815487]","[""A"",""B"",""A"",""B"",""A"",""B""]","[""B"",""A"",""B"",""A"",""B"",""A""]","{""A"":3,""B"":3}","{""A"":3,""B"":3}","{""A"":6291456,""B"":6291456}","{""A"":6291456,""B"":6291456}"
3,19,post_fault,0,6b25bbb30fb02f988d2e6e22ba2dc06d94a582024c487c8e3e27c9bb1843c83e,balanced_active_active,2645701659,2.645701659,12582912,12582912,6,0,0,"[881086219,1365938,880250354,1350018,880544605,895485]","[""B"",""A"",""B"",""A"",""B"",""A""]","[""A"",""B"",""A"",""B"",""A"",""B""]","{""A"":3,""B"":3}","{""A"":3,""B"":3}","{""A"":6291456,""B"":6291456}","{""A"":6291456,""B"":6291456}"
0,20,post_fault,0,6b25bbb30fb02f988d2e6e22ba2dc06d94a582024c487c8e3e27c9bb1843c83e,balanced_active_active,2922576608,2.922576608,12582912,12582912,6,0,0,"[177943399,881433740,6327565,962298140,19917931,874356521]","[""A"",""B"",""A"",""B"",""A"",""B""]","[""B"",""A"",""B"",""A"",""B"",""A""]","{""A"":3,""B"":3}","{""A"":3,""B"":3}","{""A"":6291456,""B"":6291456}","{""A"":6291456,""B"":6291456}"
1,20,post_fault,0,6b25bbb30fb02f988d2e6e22ba2dc06d94a582024c487c8e3e27c9bb1843c83e,balanced_active_active,2227428994,2.227428994,12582912,12582912,6,0,0,"[177570058,177610967,881769522,6214285,962199629,21799271]","[""B"",""A"",""B"",""A"",""B"",""A""]","[""A"",""B"",""A"",""B"",""A"",""B""]","{""A"":3,""B"":3}","{""A"":3,""B"":3}","{""A"":6291456,""B"":6291456}","{""A"":6291456,""B"":6291456}"
2,20,post_fault,0,6b25bbb30fb02f988d2e6e22ba2dc06d94a582024c487c8e3e27c9bb1843c83e,balanced_active_active,2382934169,2.382934169,12582912,12582912,6,0,0,"[178005739,791093258,1438338,892887264,916046,518378801]","[""A"",""B"",""A"",""B"",""A"",""B""]","[""B"",""A"",""B"",""A"",""B"",""A""]","{""A"":3,""B"":3}","{""A"":3,""B"":3}","{""A"":6291456,""B"":6291456}","{""A"":6291456,""B"":6291456}"
3,20,post_fault,0,6b25bbb30fb02f988d2e6e22ba2dc06d94a582024c487c8e3e27c9bb1843c83e,balanced_active_active,2745432744,2.745432744,12582912,12582912,6,0,0,"[881258709,1292107,967592579,822155,893487497,756684]","[""B"",""A"",""B"",""A"",""B"",""A""]","[""A"",""B"",""A"",""B"",""A"",""B""]","{""A"":3,""B"":3}","{""A"":3,""B"":3}","{""A"":6291456,""B"":6291456}","{""A"":6291456,""B"":6291456}"
0,21,post_fault,0,6b25bbb30fb02f988d2e6e22ba2dc06d94a582024c487c8e3e27c9bb1843c83e,balanced_active_active,2822131620,2.82213162,12582912,12582912,6,0,0,"[177645937,881407711,72649774,808634036,69038974,812512057]","[""A"",""B"",""A"",""B"",""A"",""B""]","[""B"",""A"",""B"",""A"",""B"",""A""]","{""A"":3,""B"":3}","{""A"":3,""B"":3}","{""A"":6291456,""B"":6291456}","{""A"":6291456,""B"":6291456}"
1,21,post_fault,0,6b25bbb30fb02f988d2e6e22ba2dc06d94a582024c487c8e3e27c9bb1843c83e,balanced_active_active,2186971068,2.186971068,12582912,12582912,6,0,0,"[177680228,177300825,881537801,87005214,794388056,68816022]","[""B"",""A"",""B"",""A"",""B"",""A""]","[""A"",""B"",""A"",""B"",""A"",""B""]","{""A"":3,""B"":3}","{""A"":3,""B"":3}","{""A"":6291456,""B"":6291456}","{""A"":6291456,""B"":6291456}"
2,21,post_fault,0,6b25bbb30fb02f988d2e6e22ba2dc06d94a582024c487c8e3e27c9bb1843c83e,balanced_active_active,2295708173,2.295708173,12582912,12582912,6,0,0,"[178886734,176095949,177411066,881724872,100745490,780574720]","[""A"",""B"",""A"",""B"",""A"",""B""]","[""B"",""A"",""B"",""A"",""B"",""A""]","{""A"":3,""B"":3}","{""A"":3,""B"":3}","{""A"":6291456,""B"":6291456}","{""A"":6291456,""B"":6291456}"
3,21,post_fault,0,6b25bbb30fb02f988d2e6e22ba2dc06d94a582024c487c8e3e27c9bb1843c83e,balanced_active_active,2645321646,2.645321646,12582912,12582912,6,0,0,"[881112818,1280987,879805791,1254357,880769596,898585]","[""B"",""A"",""B"",""A"",""B"",""A""]","[""A"",""B"",""A"",""B"",""A"",""B""]","{""A"":3,""B"":3}","{""A"":3,""B"":3}","{""A"":6291456,""B"":6291456}","{""A"":6291456,""B"":6291456}"
0,22,post_fault,0,6b25bbb30fb02f988d2e6e22ba2dc06d94a582024c487c8e3e27c9bb1843c83e,balanced_active_active,2822040719,2.822040719,12582912,12582912,6,0,0,"[177529857,881558792,69879008,811049189,83343383,798362618]","[""A"",""B"",""A"",""B"",""A"",""B""]","[""B"",""A"",""B"",""A"",""B"",""A""]","{""A"":3,""B"":3}","{""A"":3,""B"":3}","{""A"":6291456,""B"":6291456}","{""A"":6291456,""B"":6291456}"
1,22,post_fault,0,6b25bbb30fb02f988d2e6e22ba2dc06d94a582024c487c8e3e27c9bb1843c83e,balanced_active_active,2201246298,2.201246298,12582912,12582912,6,0,0,"[177471987,177530417,881636301,84395239,796598889,83358183]","[""B"",""A"",""B"",""A"",""B"",""A""]","[""A"",""B"",""A"",""B"",""A"",""B""]","{""A"":3,""B"":3}","{""A"":3,""B"":3}","{""A"":6291456,""B"":6291456}","{""A"":6291456,""B"":6291456}"
2,22,post_fault,0,6b25bbb30fb02f988d2e6e22ba2dc06d94a582024c487c8e3e27c9bb1843c83e,balanced_active_active,2295483162,2.295483162,12582912,12582912,6,0,0,"[178260691,176682082,177438587,881847663,98999030,782006067]","[""A"",""B"",""A"",""B"",""A"",""B""]","[""B"",""A"",""B"",""A"",""B"",""A""]","{""A"":3,""B"":3}","{""A"":3,""B"":3}","{""A"":6291456,""B"":6291456}","{""A"":6291456,""B"":6291456}"
3,22,post_fault,0,6b25bbb30fb02f988d2e6e22ba2dc06d94a582024c487c8e3e27c9bb1843c83e,balanced_active_active,2645310597,2.645310597,12582912,12582912,6,0,0,"[881107819,1281407,879978492,1152886,880698627,888915]","[""B"",""A"",""B"",""A"",""B"",""A""]","[""A"",""B"",""A"",""B"",""A"",""B""]","{""A"":3,""B"":3}","{""A"":3,""B"":3}","{""A"":6291456,""B"":6291456}","{""A"":6291456,""B"":6291456}"
0,23,post_fault,0,6b25bbb30fb02f988d2e6e22ba2dc06d94a582024c487c8e3e27c9bb1843c83e,balanced_active_active,2822326311,2.822326311,12582912,12582912,6,0,0,"[178067570,881471950,66758772,814227037,85631546,795920285]","[""A"",""B"",""A"",""B"",""A"",""B""]","[""B"",""A"",""B"",""A"",""B"",""A""]","{""A"":3,""B"":3}","{""A"":3,""B"":3}","{""A"":6291456,""B"":6291456}","{""A"":6291456,""B"":6291456}"
1,23,post_fault,0,6b25bbb30fb02f988d2e6e22ba2dc06d94a582024c487c8e3e27c9bb1843c83e,balanced_active_active,2203476800,2.2034768,12582912,12582912,6,0,0,"[177428156,177820958,881582201,81204602,800029648,85179553]","[""B"",""A"",""B"",""A"",""B"",""A""]","[""A"",""B"",""A"",""B"",""A"",""B""]","{""A"":3,""B"":3}","{""A"":3,""B"":3}","{""A"":6291456,""B"":6291456}","{""A"":6291456,""B"":6291456}"
2,23,post_fault,0,6b25bbb30fb02f988d2e6e22ba2dc06d94a582024c487c8e3e27c9bb1843c83e,balanced_active_active,2295732043,2.295732043,12582912,12582912,6,0,0,"[178289361,176278020,178008100,881652412,95908423,785351376]","[""A"",""B"",""A"",""B"",""A"",""B""]","[""B"",""A"",""B"",""A"",""B"",""A""]","{""A"":3,""B"":3}","{""A"":3,""B"":3}","{""A"":6291456,""B"":6291456}","{""A"":6291456,""B"":6291456}"
3,23,post_fault,0,6b25bbb30fb02f988d2e6e22ba2dc06d94a582024c487c8e3e27c9bb1843c83e,balanced_active_active,2645421957,2.645421957,12582912,12582912,6,0,0,"[881347870,1320637,879701951,1168506,880847417,821355]","[""B"",""A"",""B"",""A"",""B"",""A""]","[""A"",""B"",""A"",""B"",""A"",""B""]","{""A"":3,""B"":3}","{""A"":3,""B"":3}","{""A"":6291456,""B"":6291456}","{""A"":6291456,""B"":6291456}"
